"Res1","Res2","ChainRes1","ChainRes2","DensityRes1","DensityRes2","AA1","AA2","NativeEnergy","DecoyEnergy","SDEnergy","FrstIndex","Welltype","FrstState","PdbID"
1,3,"A","A",0,0,"V","S",-0.959,-1.472,0.5,-1.024,"water-mediated","highly","1vxa"
1,6,"A","A",0,0.774,"V","E",-1.492,-1.472,0.5,0.041,"water-mediated","neutral","1vxa"
1,80,"A","A",0,0.882,"V","G",-1.517,-1.472,0.5,0.091,"water-mediated","neutral","1vxa"
1,133,"A","A",0,1.772,"V","K",-1.401,-1.472,0.5,-0.142,"water-mediated","neutral","1vxa"
1,137,"A","A",0,0.886,"V","L",-1.593,-1.472,0.5,0.243,"water-mediated","neutral","1vxa"
2,4,"A","A",2.651,0,"L","E",-1.148,-1.472,0.5,-0.647,"long","neutral","1vxa"
2,5,"A","A",2.651,0,"L","G",-1.283,-1.472,0.5,-0.377,"long","neutral","1vxa"
2,6,"A","A",2.651,0.774,"L","E",-1.74,-1.472,0.5,0.536,"short","neutral","1vxa"
2,7,"A","A",2.651,0.787,"L","W",-2.623,-1.472,0.5,2.3,"short","minimally","1vxa"
2,9,"A","A",2.651,1.284,"L","L",-2.365,-1.472,0.5,1.785,"long","minimally","1vxa"
2,10,"A","A",2.651,3.985,"L","V",-2.362,-1.472,0.5,1.779,"long","minimally","1vxa"
2,79,"A","A",2.651,0.787,"L","K",-1.749,-1.472,0.5,0.553,"long","neutral","1vxa"
2,80,"A","A",2.651,0.882,"L","G",-1.751,-1.472,0.5,0.558,"long","neutral","1vxa"
2,130,"A","A",2.651,1.712,"L","A",-2.357,-1.472,0.5,1.77,"short","minimally","1vxa"
2,133,"A","A",2.651,1.772,"L","K",-1.114,-1.472,0.5,-0.714,"short","neutral","1vxa"
2,134,"A","A",2.651,2.949,"L","A",-2.623,-1.472,0.5,2.3,"short","minimally","1vxa"
2,137,"A","A",2.651,0.886,"L","L",-2.369,-1.472,0.5,1.793,"long","minimally","1vxa"
3,5,"A","A",0,0,"S","G",-0.963,-1.472,0.5,-1.017,"short","highly","1vxa"
3,6,"A","A",0,0.774,"S","E",-1.18,-1.472,0.5,-0.582,"short","neutral","1vxa"
3,7,"A","A",0,0.787,"S","W",-1.372,-1.472,0.5,-0.2,"water-mediated","neutral","1vxa"
3,8,"A","A",0,0,"S","Q",-1.28,-1.472,0.5,-0.384,"water-mediated","neutral","1vxa"
3,9,"A","A",0,1.284,"S","L",-1.478,-1.472,0.5,0.012,"water-mediated","neutral","1vxa"
3,130,"A","A",0,1.712,"S","A",-1.348,-1.472,0.5,-0.246,"water-mediated","neutral","1vxa"
3,133,"A","A",0,1.772,"S","K",-1.728,-1.472,0.5,0.511,"water-mediated","neutral","1vxa"
4,6,"A","A",0,0.774,"E","E",-1.833,-1.472,0.5,0.722,"water-mediated","neutral","1vxa"
4,7,"A","A",0,0.787,"E","W",-0.876,-1.472,0.5,-1.192,"short","highly","1vxa"
4,8,"A","A",0,0,"E","Q",-0.833,-1.472,0.5,-1.277,"short","highly","1vxa"
4,79,"A","A",0,0.787,"E","K",-2.465,-1.472,0.5,1.985,"water-mediated","minimally","1vxa"
5,7,"A","A",0,0.787,"G","W",-1.359,-1.472,0.5,-0.225,"short","neutral","1vxa"
5,8,"A","A",0,0,"G","Q",-0.854,-1.472,0.5,-1.234,"short","highly","1vxa"
5,9,"A","A",0,1.284,"G","L",-1.066,-1.472,0.5,-0.811,"short","neutral","1vxa"
5,10,"A","A",0,3.985,"G","V",-1.452,-1.472,0.5,-0.039,"long","neutral","1vxa"
5,126,"A","A",0,0.994,"G","D",-1.671,-1.472,0.5,0.398,"water-mediated","neutral","1vxa"
5,130,"A","A",0,1.712,"G","A",-1.264,-1.472,0.5,-0.416,"water-mediated","neutral","1vxa"
6,8,"A","A",0.774,0,"E","Q",-2.036,-1.472,0.5,1.127,"water-mediated","minimally","1vxa"
6,9,"A","A",0.774,1.284,"E","L",-1.193,-1.472,0.5,-0.558,"short","neutral","1vxa"
6,10,"A","A",0.774,3.985,"E","V",-1.708,-1.472,0.5,0.472,"long","neutral","1vxa"
6,79,"A","A",0.774,0.787,"E","K",-2.594,-1.472,0.5,2.242,"water-mediated","minimally","1vxa"
6,126,"A","A",0.774,0.994,"E","D",-2.14,-1.472,0.5,1.336,"water-mediated","minimally","1vxa"
6,127,"A","A",0.774,1.255,"E","A",-1.719,-1.472,0.5,0.494,"water-mediated","neutral","1vxa"
6,129,"A","A",0.774,0,"E","G",-1.528,-1.472,0.5,0.112,"water-mediated","neutral","1vxa"
6,130,"A","A",0.774,1.712,"E","A",-1.804,-1.472,0.5,0.664,"short","neutral","1vxa"
6,131,"A","A",0.774,1.789,"E","M",-2.005,-1.472,0.5,1.065,"water-mediated","minimally","1vxa"
6,133,"A","A",0.774,1.772,"E","K",-2.276,-1.472,0.5,1.607,"short","minimally","1vxa"
6,134,"A","A",0.774,2.949,"E","A",-1.84,-1.472,0.5,0.736,"long","neutral","1vxa"
7,9,"A","A",0.787,1.284,"W","L",-2.392,-1.472,0.5,1.838,"water-mediated","minimally","1vxa"
7,10,"A","A",0.787,3.985,"W","V",-2.298,-1.472,0.5,1.652,"short","minimally","1vxa"
7,11,"A","A",0.787,0.532,"W","L",-2.599,-1.472,0.5,2.254,"short","minimally","1vxa"
7,12,"A","A",0.787,0.977,"W","H",-1.582,-1.472,0.5,0.221,"water-mediated","neutral","1vxa"
7,76,"A","A",0.787,3.348,"W","L",-2.164,-1.472,0.5,1.383,"long","minimally","1vxa"
7,77,"A","A",0.787,0.171,"W","K",-1.03,-1.472,0.5,-0.883,"water-mediated","neutral","1vxa"
7,79,"A","A",0.787,0.787,"W","K",-1.52,-1.472,0.5,0.097,"short","neutral","1vxa"
7,80,"A","A",0.787,0.882,"W","G",-1.915,-1.472,0.5,0.887,"water-mediated","minimally","1vxa"
7,130,"A","A",0.787,1.712,"W","A",-1.611,-1.472,0.5,0.278,"water-mediated","neutral","1vxa"
7,133,"A","A",0.787,1.772,"W","K",-1.421,-1.472,0.5,-0.102,"water-mediated","neutral","1vxa"
7,134,"A","A",0.787,2.949,"W","A",-1.794,-1.472,0.5,0.645,"long","neutral","1vxa"
8,10,"A","A",0,3.985,"Q","V",-1.497,-1.472,0.5,0.051,"long","neutral","1vxa"
8,11,"A","A",0,0.532,"Q","L",-0.958,-1.472,0.5,-1.027,"short","highly","1vxa"
8,12,"A","A",0,0.977,"Q","H",-0.692,-1.472,0.5,-1.559,"short","highly","1vxa"
8,79,"A","A",0,0.787,"Q","K",-1.801,-1.472,0.5,0.659,"water-mediated","neutral","1vxa"
8,130,"A","A",0,1.712,"Q","A",-1.195,-1.472,0.5,-0.552,"water-mediated","neutral","1vxa"
9,11,"A","A",1.284,0.532,"L","L",-1.924,-1.472,0.5,0.903,"water-mediated","minimally","1vxa"
9,12,"A","A",1.284,0.977,"L","H",-1.788,-1.472,0.5,0.631,"short","neutral","1vxa"
9,13,"A","A",1.284,4.902,"L","V",-2.356,-1.472,0.5,1.768,"long","minimally","1vxa"
9,122,"A","A",1.284,2.874,"L","D",-1.512,-1.472,0.5,0.081,"long","neutral","1vxa"
9,123,"A","A",1.284,0.998,"L","F",-1.847,-1.472,0.5,0.749,"water-mediated","neutral","1vxa"
9,124,"A","A",1.284,0,"L","G",-1.428,-1.472,0.5,-0.088,"water-mediated","neutral","1vxa"
9,126,"A","A",1.284,0.994,"L","D",-0.984,-1.472,0.5,-0.976,"short","neutral","1vxa"
9,127,"A","A",1.284,1.255,"L","A",-1.878,-1.472,0.5,0.811,"short","minimally","1vxa"
9,128,"A","A",1.284,0.654,"L","Q",-1.759,-1.472,0.5,0.575,"water-mediated","neutral","1vxa"
9,129,"A","A",1.284,0,"L","G",-1.428,-1.472,0.5,-0.088,"water-mediated","neutral","1vxa"
9,130,"A","A",1.284,1.712,"L","A",-1.66,-1.472,0.5,0.377,"short","neutral","1vxa"
9,131,"A","A",1.284,1.789,"L","M",-1.872,-1.472,0.5,0.8,"water-mediated","minimally","1vxa"
9,134,"A","A",1.284,2.949,"L","A",-1.732,-1.472,0.5,0.521,"long","neutral","1vxa"
10,12,"A","A",3.985,0.977,"V","H",-1.88,-1.472,0.5,0.816,"long","minimally","1vxa"
10,13,"A","A",3.985,4.902,"V","V",-2.619,-1.472,0.5,2.293,"long","minimally","1vxa"
10,14,"A","A",3.985,1.985,"V","W",-2.296,-1.472,0.5,1.648,"short","minimally","1vxa"
10,76,"A","A",3.985,3.348,"V","L",-2.834,-1.472,0.5,2.722,"short","minimally","1vxa"
10,77,"A","A",3.985,0.171,"V","K",-1.596,-1.472,0.5,0.249,"long","neutral","1vxa"
10,79,"A","A",3.985,0.787,"V","K",-1.777,-1.472,0.5,0.61,"long","neutral","1vxa"
10,127,"A","A",3.985,1.255,"V","A",-2.095,-1.472,0.5,1.245,"long","minimally","1vxa"
10,129,"A","A",3.985,0,"V","G",-1.45,-1.472,0.5,-0.043,"long","neutral","1vxa"
10,130,"A","A",3.985,1.712,"V","A",-2.684,-1.472,0.5,2.424,"short","minimally","1vxa"
10,131,"A","A",3.985,1.789,"V","M",-2.373,-1.472,0.5,1.801,"short","minimally","1vxa"
10,133,"A","A",3.985,1.772,"V","K",-1.779,-1.472,0.5,0.614,"long","neutral","1vxa"
10,134,"A","A",3.985,2.949,"V","A",-2.691,-1.472,0.5,2.438,"short","minimally","1vxa"
10,135,"A","A",3.985,0.163,"V","L",-2.171,-1.472,0.5,1.397,"long","minimally","1vxa"
11,13,"A","A",0.532,4.902,"L","V",-2.342,-1.472,0.5,1.74,"long","minimally","1vxa"
11,14,"A","A",0.532,1.985,"L","W",-2.604,-1.472,0.5,2.263,"short","minimally","1vxa"
11,15,"A","A",0.532,0,"L","A",-1.822,-1.472,0.5,0.699,"water-mediated","neutral","1vxa"
11,73,"A","A",0.532,0.986,"L","G",-1.885,-1.472,0.5,0.825,"water-mediated","minimally","1vxa"
11,76,"A","A",0.532,3.348,"L","L",-2.692,-1.472,0.5,2.44,"long","minimally","1vxa"
11,77,"A","A",0.532,0.171,"L","K",-1.5,-1.472,0.5,0.057,"water-mediated","neutral","1vxa"
11,79,"A","A",0.532,0.787,"L","K",-1.823,-1.472,0.5,0.702,"water-mediated","neutral","1vxa"
11,134,"A","A",0.532,2.949,"L","A",-1.705,-1.472,0.5,0.467,"long","neutral","1vxa"
12,14,"A","A",0.977,1.985,"H","W",-1.483,-1.472,0.5,0.023,"water-mediated","neutral","1vxa"
12,15,"A","A",0.977,0,"H","A",-1.215,-1.472,0.5,-0.512,"short","neutral","1vxa"
12,16,"A","A",0.977,1.992,"H","K",-2.536,-1.472,0.5,2.128,"water-mediated","minimally","1vxa"
12,122,"A","A",0.977,2.874,"H","D",-1.755,-1.472,0.5,0.566,"short","neutral","1vxa"
12,123,"A","A",0.977,0.998,"H","F",-1.622,-1.472,0.5,0.3,"water-mediated","neutral","1vxa"
12,127,"A","A",0.977,1.255,"H","A",-1.599,-1.472,0.5,0.253,"water-mediated","neutral","1vxa"
12,130,"A","A",0.977,1.712,"H","A",-1.638,-1.472,0.5,0.333,"water-mediated","neutral","1vxa"
13,15,"A","A",4.902,0,"V","A",-1.676,-1.472,0.5,0.408,"long","neutral","1vxa"
13,16,"A","A",4.902,1.992,"V","K",-1.294,-1.472,0.5,-0.355,"short","neutral","1vxa"
13,17,"A","A",4.902,0.801,"V","V",-2.432,-1.472,0.5,1.919,"long","minimally","1vxa"
13,115,"A","A",4.902,1.017,"V","L",-2.69,-1.472,0.5,2.436,"short","minimally","1vxa"
13,119,"A","A",4.902,1.992,"V","H",-2.006,-1.472,0.5,1.067,"short","minimally","1vxa"
13,121,"A","A",4.902,0,"V","G",-1.452,-1.472,0.5,-0.039,"long","neutral","1vxa"
13,122,"A","A",4.902,2.874,"V","D",-1.184,-1.472,0.5,-0.575,"short","neutral","1vxa"
13,123,"A","A",4.902,0.998,"V","F",-2.52,-1.472,0.5,2.096,"short","minimally","1vxa"
13,124,"A","A",4.902,0,"V","G",-1.452,-1.472,0.5,-0.039,"long","neutral","1vxa"
13,127,"A","A",4.902,1.255,"V","A",-2.686,-1.472,0.5,2.428,"short","minimally","1vxa"
13,128,"A","A",4.902,0.654,"V","Q",-1.969,-1.472,0.5,0.993,"long","minimally","1vxa"
13,130,"A","A",4.902,1.712,"V","A",-2.094,-1.472,0.5,1.244,"long","minimally","1vxa"
13,131,"A","A",4.902,1.789,"V","M",-2.15,-1.472,0.5,1.355,"long","minimally","1vxa"
14,16,"A","A",1.985,1.992,"W","K",-1.216,-1.472,0.5,-0.511,"water-mediated","neutral","1vxa"
14,17,"A","A",1.985,0.801,"W","V",-2.135,-1.472,0.5,1.325,"short","minimally","1vxa"
14,18,"A","A",1.985,0,"W","E",-0.929,-1.472,0.5,-1.086,"short","highly","1vxa"
14,69,"A","A",1.985,3.789,"W","L",-2.174,-1.472,0.5,1.403,"long","minimally","1vxa"
14,72,"A","A",1.985,0,"W","L",-2.001,-1.472,0.5,1.057,"water-mediated","minimally","1vxa"
14,73,"A","A",1.985,0.986,"W","G",-1.83,-1.472,0.5,0.717,"short","neutral","1vxa"
14,76,"A","A",1.985,3.348,"W","L",-2.758,-1.472,0.5,2.571,"short","minimally","1vxa"
14,77,"A","A",1.985,0.171,"W","K",-1.016,-1.472,0.5,-0.912,"water-mediated","neutral","1vxa"
14,115,"A","A",1.985,1.017,"W","L",-2.392,-1.472,0.5,1.84,"water-mediated","minimally","1vxa"
14,131,"A","A",1.985,1.789,"W","M",-0.82,-1.472,0.5,-1.303,"water-mediated","highly","1vxa"
14,134,"A","A",1.985,2.949,"W","A",-1.777,-1.472,0.5,0.61,"long","neutral","1vxa"
15,17,"A","A",0,0.801,"A","V",-1.439,-1.472,0.5,-0.065,"water-mediated","neutral","1vxa"
15,18,"A","A",0,0,"A","E",-0.555,-1.472,0.5,-1.833,"short","highly","1vxa"
15,19,"A","A",0,0,"A","A",-0.859,-1.472,0.5,-1.224,"water-mediated","highly","1vxa"
15,122,"A","A",0,2.874,"A","D",-1.335,-1.472,0.5,-0.274,"long","neutral","1vxa"
16,18,"A","A",1.992,0,"K","E",-2.466,-1.472,0.5,1.987,"water-mediated","minimally","1vxa"
16,19,"A","A",1.992,0,"K","A",-0.951,-1.472,0.5,-1.04,"short","highly","1vxa"
16,20,"A","A",1.992,0,"K","D",-2.308,-1.472,0.5,1.672,"water-mediated","minimally","1vxa"
16,24,"A","A",1.992,1.928,"K","H",-2.536,-1.472,0.5,2.128,"water-mediated","minimally","1vxa"
16,115,"A","A",1.992,1.017,"K","L",-1.835,-1.472,0.5,0.727,"water-mediated","neutral","1vxa"
16,118,"A","A",1.992,0.007,"K","R",-1.931,-1.472,0.5,0.918,"water-mediated","minimally","1vxa"
16,119,"A","A",1.992,1.992,"K","H",-1.355,-1.472,0.5,-0.233,"short","neutral","1vxa"
16,121,"A","A",1.992,0,"K","G",-1.65,-1.472,0.5,0.356,"water-mediated","neutral","1vxa"
16,122,"A","A",1.992,2.874,"K","D",-2.005,-1.472,0.5,1.065,"short","minimally","1vxa"
16,123,"A","A",1.992,0.998,"K","F",-1.528,-1.472,0.5,0.112,"water-mediated","neutral","1vxa"
17,19,"A","A",0.801,0,"V","A",-1.44,-1.472,0.5,-0.063,"water-mediated","neutral","1vxa"
17,20,"A","A",0.801,0,"V","D",-1.429,-1.472,0.5,-0.086,"water-mediated","neutral","1vxa"
17,21,"A","A",0.801,2.308,"V","V",-2.45,-1.472,0.5,1.956,"water-mediated","minimally","1vxa"
17,23,"A","A",0.801,0,"V","G",-1.428,-1.472,0.5,-0.087,"water-mediated","neutral","1vxa"
17,24,"A","A",0.801,1.928,"V","H",-1.839,-1.472,0.5,0.734,"short","neutral","1vxa"
17,25,"A","A",0.801,1.374,"V","G",-1.9,-1.472,0.5,0.857,"water-mediated","minimally","1vxa"
17,28,"A","A",0.801,2.988,"V","I",-2.242,-1.472,0.5,1.54,"long","minimally","1vxa"
17,69,"A","A",0.801,3.789,"V","L",-2.611,-1.472,0.5,2.278,"short","minimally","1vxa"
17,72,"A","A",0.801,0,"V","L",-1.578,-1.472,0.5,0.212,"water-mediated","neutral","1vxa"
17,73,"A","A",0.801,0.986,"V","G",-1.9,-1.472,0.5,0.856,"water-mediated","minimally","1vxa"
17,111,"A","A",0.801,1.025,"V","I",-2.309,-1.472,0.5,1.674,"water-mediated","minimally","1vxa"
17,114,"A","A",0.801,3.761,"V","V",-2.427,-1.472,0.5,1.91,"long","minimally","1vxa"
17,115,"A","A",0.801,1.017,"V","L",-1.976,-1.472,0.5,1.008,"water-mediated","minimally","1vxa"
17,118,"A","A",0.801,0.007,"V","R",-1.36,-1.472,0.5,-0.223,"water-mediated","neutral","1vxa"
17,119,"A","A",0.801,1.992,"V","H",-1.721,-1.472,0.5,0.498,"water-mediated","neutral","1vxa"
18,20,"A","A",0,0,"E","D",-1.171,-1.472,0.5,-0.601,"water-mediated","neutral","1vxa"
18,21,"A","A",0,2.308,"E","V",-0.87,-1.472,0.5,-1.203,"short","highly","1vxa"
18,24,"A","A",0,1.928,"E","H",-1.803,-1.472,0.5,0.662,"water-mediated","neutral","1vxa"
18,69,"A","A",0,3.789,"E","L",-1.163,-1.472,0.5,-0.617,"long","neutral","1vxa"
18,70,"A","A",0,0.311,"E","T",-1.481,-1.472,0.5,0.019,"water-mediated","neutral","1vxa"
18,73,"A","A",0,0.986,"E","G",-1.515,-1.472,0.5,0.085,"water-mediated","neutral","1vxa"
19,21,"A","A",0,2.308,"A","V",-1.442,-1.472,0.5,-0.06,"water-mediated","neutral","1vxa"
19,24,"A","A",0,1.928,"A","H",-1.179,-1.472,0.5,-0.585,"water-mediated","neutral","1vxa"
20,22,"A","A",0,2.001,"D","A",-1.042,-1.472,0.5,-0.86,"short","neutral","1vxa"
20,23,"A","A",0,0,"D","G",-0.655,-1.472,0.5,-1.632,"short","highly","1vxa"
20,24,"A","A",0,1.928,"D","H",-1.328,-1.472,0.5,-0.287,"short","neutral","1vxa"
20,25,"A","A",0,1.374,"D","G",-1.673,-1.472,0.5,0.403,"water-mediated","neutral","1vxa"
20,118,"A","A",0,0.007,"D","R",-1.969,-1.472,0.5,0.994,"water-mediated","minimally","1vxa"
21,23,"A","A",2.308,0,"V","G",-1.425,-1.472,0.5,-0.094,"water-mediated","neutral","1vxa"
21,24,"A","A",2.308,1.928,"V","H",-1.843,-1.472,0.5,0.743,"short","neutral","1vxa"
21,25,"A","A",2.308,1.374,"V","G",-1.822,-1.472,0.5,0.701,"water-mediated","neutral","1vxa"
21,65,"A","A",2.308,1.147,"V","G",-1.9,-1.472,0.5,0.855,"water-mediated","minimally","1vxa"
21,66,"A","A",2.308,2.075,"V","V",-2.512,-1.472,0.5,2.078,"short","minimally","1vxa"
21,68,"A","A",2.308,0.296,"V","V",-2.148,-1.472,0.5,1.352,"water-mediated","minimally","1vxa"
21,69,"A","A",2.308,3.789,"V","L",-2.679,-1.472,0.5,2.413,"short","minimally","1vxa"
21,70,"A","A",2.308,0.311,"V","T",-1.808,-1.472,0.5,0.672,"water-mediated","neutral","1vxa"
21,73,"A","A",2.308,0.986,"V","G",-1.892,-1.472,0.5,0.839,"water-mediated","minimally","1vxa"
22,24,"A","A",2.001,1.928,"A","H",-1.599,-1.472,0.5,0.254,"water-mediated","neutral","1vxa"
22,25,"A","A",2.001,1.374,"A","G",-1.681,-1.472,0.5,0.418,"short","neutral","1vxa"
22,26,"A","A",2.001,1.871,"A","Q",-1.596,-1.472,0.5,0.249,"short","neutral","1vxa"
22,62,"A","A",2.001,2,"A","K",-1.371,-1.472,0.5,-0.202,"short","neutral","1vxa"
22,63,"A","A",2.001,0,"A","K",-1.409,-1.472,0.5,-0.126,"water-mediated","neutral","1vxa"
22,65,"A","A",2.001,1.147,"A","G",-1.732,-1.472,0.5,0.52,"water-mediated","neutral","1vxa"
22,66,"A","A",2.001,2.075,"A","V",-2.524,-1.472,0.5,2.104,"short","minimally","1vxa"
22,69,"A","A",2.001,3.789,"A","L",-1.871,-1.472,0.5,0.798,"long","minimally","1vxa"
23,25,"A","A",0,1.374,"G","G",-1.776,-1.472,0.5,0.608,"short","neutral","1vxa"
23,26,"A","A",0,1.871,"G","Q",-1.167,-1.472,0.5,-0.609,"short","neutral","1vxa"
23,27,"A","A",0,0.848,"G","D",-1.142,-1.472,0.5,-0.659,"short","neutral","1vxa"
23,28,"A","A",0,2.988,"G","I",-1.265,-1.472,0.5,-0.414,"long","neutral","1vxa"
23,62,"A","A",0,2,"G","K",-1.722,-1.472,0.5,0.501,"water-mediated","neutral","1vxa"
23,65,"A","A",0,1.147,"G","G",-1.327,-1.472,0.5,-0.289,"water-mediated","neutral","1vxa"
23,66,"A","A",0,2.075,"G","V",-1.433,-1.472,0.5,-0.078,"water-mediated","neutral","1vxa"
23,69,"A","A",0,3.789,"G","L",-1.351,-1.472,0.5,-0.241,"long","neutral","1vxa"
23,114,"A","A",0,3.761,"G","V",-1.446,-1.472,0.5,-0.051,"long","neutral","1vxa"
23,118,"A","A",0,0.007,"G","R",-1.266,-1.472,0.5,-0.412,"water-mediated","neutral","1vxa"
24,26,"A","A",1.928,1.871,"H","Q",-2.451,-1.472,0.5,1.958,"water-mediated","minimally","1vxa"
24,27,"A","A",1.928,0.848,"H","D",-1.812,-1.472,0.5,0.68,"short","neutral","1vxa"
24,28,"A","A",1.928,2.988,"H","I",-1.476,-1.472,0.5,0.009,"short","neutral","1vxa"
24,65,"A","A",1.928,1.147,"H","G",-2.143,-1.472,0.5,1.343,"water-mediated","minimally","1vxa"
24,66,"A","A",1.928,2.075,"H","V",-1.721,-1.472,0.5,0.497,"water-mediated","neutral","1vxa"
24,69,"A","A",1.928,3.789,"H","L",-1.939,-1.472,0.5,0.934,"short","minimally","1vxa"
24,111,"A","A",1.928,1.025,"H","I",-2.073,-1.472,0.5,1.201,"water-mediated","minimally","1vxa"
24,114,"A","A",1.928,3.761,"H","V",-1.997,-1.472,0.5,1.05,"short","minimally","1vxa"
24,115,"A","A",1.928,1.017,"H","L",-1.704,-1.472,0.5,0.464,"water-mediated","neutral","1vxa"
24,118,"A","A",1.928,0.007,"H","R",-1.722,-1.472,0.5,0.501,"water-mediated","neutral","1vxa"
24,119,"A","A",1.928,1.992,"H","H",-2.285,-1.472,0.5,1.624,"water-mediated","minimally","1vxa"
25,27,"A","A",1.374,0.848,"G","D",-1.61,-1.472,0.5,0.276,"short","neutral","1vxa"
25,28,"A","A",1.374,2.988,"G","I",-1.812,-1.472,0.5,0.68,"short","neutral","1vxa"
25,29,"A","A",1.374,2.026,"G","L",-1.503,-1.472,0.5,0.062,"short","neutral","1vxa"
25,30,"A","A",1.374,2.08,"G","I",-1.88,-1.472,0.5,0.815,"water-mediated","minimally","1vxa"
25,31,"A","A",1.374,2.033,"G","R",-2.105,-1.472,0.5,1.265,"water-mediated","minimally","1vxa"
25,61,"A","A",1.374,2.038,"G","L",-1.896,-1.472,0.5,0.849,"water-mediated","minimally","1vxa"
25,62,"A","A",1.374,2,"G","K",-2.191,-1.472,0.5,1.437,"water-mediated","minimally","1vxa"
25,64,"A","A",1.374,0.032,"G","H",-1.741,-1.472,0.5,0.539,"water-mediated","neutral","1vxa"
25,65,"A","A",1.374,1.147,"G","G",-1.876,-1.472,0.5,0.807,"short","minimally","1vxa"
25,66,"A","A",1.374,2.075,"G","V",-1.878,-1.472,0.5,0.812,"water-mediated","minimally","1vxa"
25,67,"A","A",1.374,0,"G","T",-1.57,-1.472,0.5,0.197,"water-mediated","neutral","1vxa"
25,68,"A","A",1.374,0.296,"G","V",-1.744,-1.472,0.5,0.544,"water-mediated","neutral","1vxa"
25,69,"A","A",1.374,3.789,"G","L",-1.654,-1.472,0.5,0.364,"short","neutral","1vxa"
25,110,"A","A",1.374,1.244,"G","A",-1.749,-1.472,0.5,0.554,"water-mediated","neutral","1vxa"
25,111,"A","A",1.374,1.025,"G","I",-1.873,-1.472,0.5,0.802,"water-mediated","minimally","1vxa"
25,114,"A","A",1.374,3.761,"G","V",-1.921,-1.472,0.5,0.897,"long","minimally","1vxa"
26,28,"A","A",1.871,2.988,"Q","I",-1.713,-1.472,0.5,0.482,"long","neutral","1vxa"
26,29,"A","A",1.871,2.026,"Q","L",-1.477,-1.472,0.5,0.01,"short","neutral","1vxa"
26,30,"A","A",1.871,2.08,"Q","I",-1.306,-1.472,0.5,-0.331,"short","neutral","1vxa"
26,31,"A","A",1.871,2.033,"Q","R",-2.194,-1.472,0.5,1.443,"water-mediated","minimally","1vxa"
26,55,"A","A",1.871,1.392,"Q","M",-1.701,-1.472,0.5,0.457,"water-mediated","neutral","1vxa"
26,56,"A","A",1.871,0.776,"Q","K",-1.739,-1.472,0.5,0.534,"short","neutral","1vxa"
26,58,"A","A",1.871,0,"Q","S",-1.758,-1.472,0.5,0.572,"water-mediated","neutral","1vxa"
26,61,"A","A",1.871,2.038,"Q","L",-1.75,-1.472,0.5,0.557,"water-mediated","neutral","1vxa"
26,62,"A","A",1.871,2,"Q","K",-1.448,-1.472,0.5,-0.048,"short","neutral","1vxa"
26,65,"A","A",1.871,1.147,"Q","G",-1.939,-1.472,0.5,0.934,"water-mediated","minimally","1vxa"
26,66,"A","A",1.871,2.075,"Q","V",-1.703,-1.472,0.5,0.462,"water-mediated","neutral","1vxa"
26,114,"A","A",1.871,3.761,"Q","V",-1.933,-1.472,0.5,0.922,"long","minimally","1vxa"
27,29,"A","A",0.848,2.026,"D","L",-2.002,-1.472,0.5,1.059,"water-mediated","minimally","1vxa"
27,30,"A","A",0.848,2.08,"D","I",-1.039,-1.472,0.5,-0.866,"short","neutral","1vxa"
27,31,"A","A",0.848,2.033,"D","R",-2.337,-1.472,0.5,1.729,"short","minimally","1vxa"
27,56,"A","A",0.848,0.776,"D","K",-2.659,-1.472,0.5,2.373,"water-mediated","minimally","1vxa"
27,65,"A","A",0.848,1.147,"D","G",-2.068,-1.472,0.5,1.191,"water-mediated","minimally","1vxa"
27,110,"A","A",0.848,1.244,"D","A",-1.745,-1.472,0.5,0.545,"water-mediated","neutral","1vxa"
27,113,"A","A",0.848,0.999,"D","H",-2.51,-1.472,0.5,2.074,"water-mediated","minimally","1vxa"
27,114,"A","A",0.848,3.761,"D","V",-1.28,-1.472,0.5,-0.384,"short","neutral","1vxa"
27,117,"A","A",0.848,0,"D","S",-1.532,-1.472,0.5,0.121,"water-mediated","neutral","1vxa"
27,118,"A","A",0.848,0.007,"D","R",-2.456,-1.472,0.5,1.967,"water-mediated","minimally","1vxa"
28,30,"A","A",2.988,2.08,"I","I",-2.625,-1.472,0.5,2.305,"long","minimally","1vxa"
28,31,"A","A",2.988,2.033,"I","R",-1.648,-1.472,0.5,0.353,"short","neutral","1vxa"
28,32,"A","A",2.988,2.113,"I","L",-2.613,-1.472,0.5,2.282,"short","minimally","1vxa"
28,65,"A","A",2.988,1.147,"I","G",-1.733,-1.472,0.5,0.523,"long","neutral","1vxa"
28,68,"A","A",2.988,0.296,"I","V",-2.239,-1.472,0.5,1.533,"long","minimally","1vxa"
28,69,"A","A",2.988,3.789,"I","L",-2.783,-1.472,0.5,2.621,"long","minimally","1vxa"
28,107,"A","A",2.988,1.011,"I","I",-2.624,-1.472,0.5,2.304,"long","minimally","1vxa"
28,110,"A","A",2.988,1.244,"I","A",-2.671,-1.472,0.5,2.397,"short","minimally","1vxa"
28,111,"A","A",2.988,1.025,"I","I",-2.602,-1.472,0.5,2.26,"short","minimally","1vxa"
28,113,"A","A",2.988,0.999,"I","H",-1.766,-1.472,0.5,0.589,"long","neutral","1vxa"
28,114,"A","A",2.988,3.761,"I","V",-2.743,-1.472,0.5,2.541,"short","minimally","1vxa"
28,115,"A","A",2.988,1.017,"I","L",-2.628,-1.472,0.5,2.311,"long","minimally","1vxa"
29,31,"A","A",2.026,2.033,"L","R",-1.677,-1.472,0.5,0.411,"water-mediated","neutral","1vxa"
29,32,"A","A",2.026,2.113,"L","L",-2.546,-1.472,0.5,2.148,"short","minimally","1vxa"
29,33,"A","A",2.026,0.399,"L","F",-2.319,-1.472,0.5,1.694,"short","minimally","1vxa"
29,39,"A","A",2.026,1.997,"L","T",-1.961,-1.472,0.5,0.977,"water-mediated","minimally","1vxa"
29,40,"A","A",2.026,0,"L","L",-1.536,-1.472,0.5,0.128,"water-mediated","neutral","1vxa"
29,43,"A","A",2.026,0,"L","F",-1.442,-1.472,0.5,-0.059,"water-mediated","neutral","1vxa"
29,46,"A","A",2.026,1.02,"L","F",-1.847,-1.472,0.5,0.75,"water-mediated","neutral","1vxa"
29,55,"A","A",2.026,1.392,"L","M",-1.873,-1.472,0.5,0.801,"water-mediated","minimally","1vxa"
29,58,"A","A",2.026,0,"L","S",-1.48,-1.472,0.5,0.017,"water-mediated","neutral","1vxa"
29,61,"A","A",2.026,2.038,"L","L",-2.543,-1.472,0.5,2.14,"short","minimally","1vxa"
29,62,"A","A",2.026,2,"L","K",-1.836,-1.472,0.5,0.727,"water-mediated","neutral","1vxa"
29,64,"A","A",2.026,0.032,"L","H",-1.304,-1.472,0.5,-0.335,"water-mediated","neutral","1vxa"
29,65,"A","A",2.026,1.147,"L","G",-1.502,-1.472,0.5,0.061,"short","neutral","1vxa"
29,68,"A","A",2.026,0.296,"L","V",-1.912,-1.472,0.5,0.88,"water-mediated","minimally","1vxa"
29,107,"A","A",2.026,1.011,"L","I",-1.943,-1.472,0.5,0.943,"water-mediated","minimally","1vxa"
29,110,"A","A",2.026,1.244,"L","A",-1.887,-1.472,0.5,0.829,"water-mediated","minimally","1vxa"
30,32,"A","A",2.08,2.113,"I","L",-1.945,-1.472,0.5,0.947,"water-mediated","minimally","1vxa"
30,33,"A","A",2.08,0.399,"I","F",-2.43,-1.472,0.5,1.914,"short","minimally","1vxa"
30,34,"A","A",2.08,0.33,"I","K",-1.001,-1.472,0.5,-0.942,"short","neutral","1vxa"
30,35,"A","A",2.08,0.117,"I","S",-1.664,-1.472,0.5,0.383,"water-mediated","neutral","1vxa"
30,49,"A","A",2.08,0,"I","L",-1.407,-1.472,0.5,-0.13,"water-mediated","neutral","1vxa"
30,52,"A","A",2.08,1.328,"I","E",-1.252,-1.472,0.5,-0.44,"short","neutral","1vxa"
30,55,"A","A",2.08,1.392,"I","M",-2.332,-1.472,0.5,1.719,"short","minimally","1vxa"
30,56,"A","A",2.08,0.776,"I","K",-1.877,-1.472,0.5,0.811,"water-mediated","minimally","1vxa"
30,61,"A","A",2.08,2.038,"I","L",-1.944,-1.472,0.5,0.944,"water-mediated","minimally","1vxa"
30,110,"A","A",2.08,1.244,"I","A",-1.83,-1.472,0.5,0.717,"water-mediated","neutral","1vxa"
30,114,"A","A",2.08,3.761,"I","V",-2.37,-1.472,0.5,1.796,"long","minimally","1vxa"
31,33,"A","A",2.033,0.399,"R","F",-1.603,-1.472,0.5,0.262,"water-mediated","neutral","1vxa"
31,34,"A","A",2.033,0.33,"R","K",-0.925,-1.472,0.5,-1.093,"short","highly","1vxa"
31,35,"A","A",2.033,0.117,"R","S",-1.288,-1.472,0.5,-0.368,"short","neutral","1vxa"
31,36,"A","A",2.033,0.904,"R","H",-2.161,-1.472,0.5,1.378,"water-mediated","minimally","1vxa"
31,106,"A","A",2.033,2.913,"R","F",-1.703,-1.472,0.5,0.463,"long","neutral","1vxa"
31,107,"A","A",2.033,1.011,"R","I",-1.786,-1.472,0.5,0.627,"water-mediated","neutral","1vxa"
31,109,"A","A",2.033,0,"R","E",-2.395,-1.472,0.5,1.845,"water-mediated","minimally","1vxa"
31,110,"A","A",2.033,1.244,"R","A",-1.766,-1.472,0.5,0.588,"short","neutral","1vxa"
31,111,"A","A",2.033,1.025,"R","I",-1.786,-1.472,0.5,0.627,"water-mediated","neutral","1vxa"
31,113,"A","A",2.033,0.999,"R","H",-1.325,-1.472,0.5,-0.294,"short","neutral","1vxa"
31,114,"A","A",2.033,3.761,"R","V",-1.698,-1.472,0.5,0.451,"short","neutral","1vxa"
31,117,"A","A",2.033,0,"R","S",-1.724,-1.472,0.5,0.504,"water-mediated","neutral","1vxa"
32,34,"A","A",2.113,0.33,"L","K",-1.77,-1.472,0.5,0.597,"water-mediated","neutral","1vxa"
32,35,"A","A",2.113,0.117,"L","S",-1.166,-1.472,0.5,-0.611,"short","neutral","1vxa"
32,36,"A","A",2.113,0.904,"L","H",-1.786,-1.472,0.5,0.628,"short","neutral","1vxa"
32,39,"A","A",2.113,1.997,"L","T",-1.719,-1.472,0.5,0.495,"short","neutral","1vxa"
32,40,"A","A",2.113,0,"L","L",-1.543,-1.472,0.5,0.143,"water-mediated","neutral","1vxa"
32,103,"A","A",2.113,1.015,"L","Y",-1.936,-1.472,0.5,0.928,"water-mediated","minimally","1vxa"
32,106,"A","A",2.113,2.913,"L","F",-2.429,-1.472,0.5,1.913,"short","minimally","1vxa"
32,107,"A","A",2.113,1.011,"L","I",-2.538,-1.472,0.5,2.131,"short","minimally","1vxa"
32,109,"A","A",2.113,0,"L","E",-1.4,-1.472,0.5,-0.143,"water-mediated","neutral","1vxa"
32,110,"A","A",2.113,1.244,"L","A",-1.741,-1.472,0.5,0.539,"short","neutral","1vxa"
32,111,"A","A",2.113,1.025,"L","I",-1.943,-1.472,0.5,0.942,"water-mediated","minimally","1vxa"
32,113,"A","A",2.113,0.999,"L","H",-1.704,-1.472,0.5,0.465,"water-mediated","neutral","1vxa"
33,35,"A","A",0.399,0.117,"F","S",-1.587,-1.472,0.5,0.231,"water-mediated","neutral","1vxa"
33,36,"A","A",0.399,0.904,"F","H",-1.588,-1.472,0.5,0.232,"water-mediated","neutral","1vxa"
33,37,"A","A",0.399,0,"F","P",-1.388,-1.472,0.5,-0.168,"water-mediated","neutral","1vxa"
33,38,"A","A",0.399,0,"F","E",-1.209,-1.472,0.5,-0.525,"water-mediated","neutral","1vxa"
33,39,"A","A",0.399,1.997,"F","T",-1.561,-1.472,0.5,0.179,"short","neutral","1vxa"
33,40,"A","A",0.399,0,"F","L",-1.389,-1.472,0.5,-0.165,"short","neutral","1vxa"
33,43,"A","A",0.399,0,"F","F",-1.703,-1.472,0.5,0.462,"water-mediated","neutral","1vxa"
33,46,"A","A",0.399,1.02,"F","F",-2.107,-1.472,0.5,1.27,"water-mediated","minimally","1vxa"
33,47,"A","A",0.399,0,"F","K",-1.081,-1.472,0.5,-0.782,"water-mediated","neutral","1vxa"
33,49,"A","A",0.399,0,"F","L",-1.423,-1.472,0.5,-0.097,"water-mediated","neutral","1vxa"
33,52,"A","A",0.399,1.328,"F","E",-1.67,-1.472,0.5,0.397,"water-mediated","neutral","1vxa"
33,55,"A","A",0.399,1.392,"F","M",-2.051,-1.472,0.5,1.157,"water-mediated","minimally","1vxa"
33,61,"A","A",0.399,2.038,"F","L",-1.815,-1.472,0.5,0.686,"water-mediated","neutral","1vxa"
33,110,"A","A",0.399,1.244,"F","A",-1.925,-1.472,0.5,0.905,"water-mediated","minimally","1vxa"
34,36,"A","A",0.33,0.904,"K","H",-2.471,-1.472,0.5,1.997,"water-mediated","minimally","1vxa"
34,37,"A","A",0.33,0,"K","P",-1.948,-1.472,0.5,0.952,"water-mediated","minimally","1vxa"
34,40,"A","A",0.33,0,"K","L",-1.378,-1.472,0.5,-0.188,"water-mediated","neutral","1vxa"
34,52,"A","A",0.33,1.328,"K","E",-2.597,-1.472,0.5,2.25,"water-mediated","minimally","1vxa"
34,55,"A","A",0.33,1.392,"K","M",-1.792,-1.472,0.5,0.64,"water-mediated","neutral","1vxa"
34,110,"A","A",0.33,1.244,"K","A",-1.833,-1.472,0.5,0.722,"water-mediated","neutral","1vxa"
35,37,"A","A",0.117,0,"S","P",-1.68,-1.472,0.5,0.415,"water-mediated","neutral","1vxa"
35,39,"A","A",0.117,1.997,"S","T",-1.788,-1.472,0.5,0.631,"water-mediated","neutral","1vxa"
35,106,"A","A",0.117,2.913,"S","F",-1.537,-1.472,0.5,0.13,"long","neutral","1vxa"
35,109,"A","A",0.117,0,"S","E",-1.339,-1.472,0.5,-0.265,"water-mediated","neutral","1vxa"
35,110,"A","A",0.117,1.244,"S","A",-1.529,-1.472,0.5,0.114,"water-mediated","neutral","1vxa"
35,113,"A","A",0.117,0.999,"S","H",-1.732,-1.472,0.5,0.521,"water-mediated","neutral","1vxa"
36,38,"A","A",0.904,0,"H","E",-0.901,-1.472,0.5,-1.141,"short","highly","1vxa"
36,39,"A","A",0.904,1.997,"H","T",-1.774,-1.472,0.5,0.604,"short","neutral","1vxa"
36,40,"A","A",0.904,0,"H","L",-1.311,-1.472,0.5,-0.321,"water-mediated","neutral","1vxa"
36,102,"A","A",0.904,0,"H","K",-2.038,-1.472,0.5,1.132,"water-mediated","minimally","1vxa"
36,103,"A","A",0.904,1.015,"H","Y",-1.471,-1.472,0.5,-0.002,"water-mediated","neutral","1vxa"
36,106,"A","A",0.904,2.913,"H","F",-2.106,-1.472,0.5,1.267,"short","minimally","1vxa"
36,107,"A","A",0.904,1.011,"H","I",-2.072,-1.472,0.5,1.199,"water-mediated","minimally","1vxa"
36,109,"A","A",0.904,0,"H","E",-1.802,-1.472,0.5,0.661,"water-mediated","neutral","1vxa"
36,110,"A","A",0.904,1.244,"H","A",-1.598,-1.472,0.5,0.253,"water-mediated","neutral","1vxa"
37,39,"A","A",0,1.997,"P","T",-1.479,-1.472,0.5,0.015,"water-mediated","neutral","1vxa"
37,40,"A","A",0,0,"P","L",-0.332,-1.472,0.5,-2.277,"short","highly","1vxa"
37,41,"A","A",0,0,"P","E",-1.442,-1.472,0.5,-0.06,"water-mediated","neutral","1vxa"
38,40,"A","A",0,0,"E","L",-1.008,-1.472,0.5,-0.928,"water-mediated","neutral","1vxa"
38,41,"A","A",0,0,"E","E",-0.113,-1.472,0.5,-2.715,"short","highly","1vxa"
38,42,"A","A",0,1.904,"E","K",-2.466,-1.472,0.5,1.988,"water-mediated","minimally","1vxa"
38,102,"A","A",0,0,"E","K",-1.72,-1.472,0.5,0.497,"water-mediated","neutral","1vxa"
38,103,"A","A",0,1.015,"E","Y",-0.846,-1.472,0.5,-1.252,"water-mediated","highly","1vxa"
38,106,"A","A",0,2.913,"E","F",-1.18,-1.472,0.5,-0.583,"long","neutral","1vxa"
39,41,"A","A",1.997,0,"T","E",-1.553,-1.472,0.5,0.162,"water-mediated","neutral","1vxa"
39,42,"A","A",1.997,1.904,"T","K",-1.361,-1.472,0.5,-0.221,"short","neutral","1vxa"
39,43,"A","A",1.997,0,"T","F",-1.487,-1.472,0.5,0.03,"water-mediated","neutral","1vxa"
39,99,"A","A",1.997,0.962,"T","I",-1.946,-1.472,0.5,0.948,"water-mediated","minimally","1vxa"
39,100,"A","A",1.997,0.681,"T","P",-1.937,-1.472,0.5,0.929,"water-mediated","minimally","1vxa"
39,102,"A","A",1.997,0,"T","K",-1.868,-1.472,0.5,0.791,"water-mediated","minimally","1vxa"
39,103,"A","A",1.997,1.015,"T","Y",-1.535,-1.472,0.5,0.126,"short","neutral","1vxa"
39,106,"A","A",1.997,2.913,"T","F",-1.622,-1.472,0.5,0.3,"short","neutral","1vxa"
39,107,"A","A",1.997,1.011,"T","I",-1.946,-1.472,0.5,0.948,"water-mediated","minimally","1vxa"
39,110,"A","A",1.997,1.244,"T","A",-1.788,-1.472,0.5,0.633,"water-mediated","neutral","1vxa"
40,42,"A","A",0,1.904,"L","K",-1.443,-1.472,0.5,-0.058,"water-mediated","neutral","1vxa"
40,43,"A","A",0,0,"L","F",-1.584,-1.472,0.5,0.225,"short","neutral","1vxa"
40,46,"A","A",0,1.02,"L","F",-1.971,-1.472,0.5,0.997,"short","minimally","1vxa"
40,47,"A","A",0,0,"L","K",-0.221,-1.472,0.5,-2.499,"short","highly","1vxa"
40,48,"A","A",0,0,"L","H",-0.851,-1.472,0.5,-1.24,"water-mediated","highly","1vxa"
40,49,"A","A",0,0,"L","L",-1.151,-1.472,0.5,-0.642,"water-mediated","neutral","1vxa"
40,50,"A","A",0,0,"L","K",-0.945,-1.472,0.5,-1.054,"water-mediated","highly","1vxa"
40,55,"A","A",0,1.392,"L","M",-1.479,-1.472,0.5,0.015,"water-mediated","neutral","1vxa"
41,43,"A","A",0,0,"E","F",-0.814,-1.472,0.5,-1.315,"water-mediated","highly","1vxa"
41,44,"A","A",0,0,"E","D",-1.169,-1.472,0.5,-0.605,"water-mediated","neutral","1vxa"
41,46,"A","A",0,1.02,"E","F",-1.252,-1.472,0.5,-0.438,"water-mediated","neutral","1vxa"
41,47,"A","A",0,0,"E","K",-1.105,-1.472,0.5,-0.733,"short","neutral","1vxa"
42,44,"A","A",1.904,0,"K","D",-2.308,-1.472,0.5,1.672,"water-mediated","minimally","1vxa"
42,46,"A","A",1.904,1.02,"K","F",-1.538,-1.472,0.5,0.132,"water-mediated","neutral","1vxa"
42,47,"A","A",1.904,0,"K","K",-1.893,-1.472,0.5,0.843,"water-mediated","minimally","1vxa"
42,97,"A","A",1.904,0.923,"K","H",-1.442,-1.472,0.5,-0.059,"short","neutral","1vxa"
42,98,"A","A",1.904,0.003,"K","K",-1.895,-1.472,0.5,0.846,"water-mediated","minimally","1vxa"
42,99,"A","A",1.904,0.962,"K","I",-1.084,-1.472,0.5,-0.775,"short","neutral","1vxa"
42,100,"A","A",1.904,0.681,"K","P",-2.492,-1.472,0.5,2.039,"water-mediated","minimally","1vxa"
42,103,"A","A",1.904,1.015,"K","Y",-1.244,-1.472,0.5,-0.456,"water-mediated","neutral","1vxa"
43,45,"A","A",0,1,"F","R",-1.167,-1.472,0.5,-0.61,"short","neutral","1vxa"
43,46,"A","A",0,1.02,"F","F",-1.235,-1.472,0.5,-0.474,"short","neutral","1vxa"
43,47,"A","A",0,0,"F","K",-0.233,-1.472,0.5,-2.476,"short","highly","1vxa"
43,49,"A","A",0,0,"F","L",-1.05,-1.472,0.5,-0.843,"water-mediated","neutral","1vxa"
43,60,"A","A",0,1.019,"F","D",-1.383,-1.472,0.5,-0.177,"water-mediated","neutral","1vxa"
43,61,"A","A",0,2.038,"F","L",-1.443,-1.472,0.5,-0.058,"water-mediated","neutral","1vxa"
43,64,"A","A",0,0.032,"F","H",-0.812,-1.472,0.5,-1.319,"water-mediated","highly","1vxa"
43,97,"A","A",0,0.923,"F","H",-1.214,-1.472,0.5,-0.516,"water-mediated","neutral","1vxa"
44,46,"A","A",0,1.02,"D","F",-1.3,-1.472,0.5,-0.343,"water-mediated","neutral","1vxa"
44,47,"A","A",0,0,"D","K",-1.11,-1.472,0.5,-0.723,"short","neutral","1vxa"
44,48,"A","A",0,0,"D","H",-1.555,-1.472,0.5,0.167,"water-mediated","neutral","1vxa"
44,97,"A","A",0,0.923,"D","H",-1.739,-1.472,0.5,0.533,"water-mediated","neutral","1vxa"
45,47,"A","A",1,0,"R","K",-1.895,-1.472,0.5,0.847,"water-mediated","minimally","1vxa"
45,48,"A","A",1,0,"R","H",-1.722,-1.472,0.5,0.5,"water-mediated","neutral","1vxa"
45,49,"A","A",1,0,"R","L",-1.285,-1.472,0.5,-0.373,"water-mediated","neutral","1vxa"
45,58,"A","A",1,0,"R","S",-1.726,-1.472,0.5,0.508,"water-mediated","neutral","1vxa"
45,60,"A","A",1,1.019,"R","D",-2.322,-1.472,0.5,1.698,"short","minimally","1vxa"
45,61,"A","A",1,2.038,"R","L",-1.677,-1.472,0.5,0.41,"water-mediated","neutral","1vxa"
45,63,"A","A",1,0,"R","K",-1.753,-1.472,0.5,0.561,"water-mediated","neutral","1vxa"
45,64,"A","A",1,0.032,"R","H",-1.78,-1.472,0.5,0.617,"water-mediated","neutral","1vxa"
46,48,"A","A",1.02,0,"F","H",-1.158,-1.472,0.5,-0.626,"water-mediated","neutral","1vxa"
46,49,"A","A",1.02,0,"F","L",-1.987,-1.472,0.5,1.031,"short","minimally","1vxa"
46,54,"A","A",1.02,0,"F","E",-1.224,-1.472,0.5,-0.496,"water-mediated","neutral","1vxa"
46,55,"A","A",1.02,1.392,"F","M",-1.929,-1.472,0.5,0.914,"water-mediated","minimally","1vxa"
46,58,"A","A",1.02,0,"F","S",-1.351,-1.472,0.5,-0.241,"water-mediated","neutral","1vxa"
46,60,"A","A",1.02,1.019,"F","D",-1.773,-1.472,0.5,0.602,"water-mediated","neutral","1vxa"
46,61,"A","A",1.02,2.038,"F","L",-2.386,-1.472,0.5,1.828,"short","minimally","1vxa"
46,64,"A","A",1.02,0.032,"F","H",-1.217,-1.472,0.5,-0.51,"water-mediated","neutral","1vxa"
47,49,"A","A",0,0,"K","L",-0.952,-1.472,0.5,-1.039,"water-mediated","highly","1vxa"
47,50,"A","A",0,0,"K","K",-1.196,-1.472,0.5,-0.551,"water-mediated","neutral","1vxa"
48,50,"A","A",0,0,"H","K",-1.583,-1.472,0.5,0.223,"water-mediated","neutral","1vxa"
48,54,"A","A",0,0,"H","E",-1.343,-1.472,0.5,-0.258,"water-mediated","neutral","1vxa"
49,51,"A","A",0,0,"L","T",-1.112,-1.472,0.5,-0.718,"water-mediated","neutral","1vxa"
49,52,"A","A",0,1.328,"L","E",-1.49,-1.472,0.5,0.037,"water-mediated","neutral","1vxa"
49,53,"A","A",0,0,"L","A",-1.036,-1.472,0.5,-0.87,"water-mediated","neutral","1vxa"
49,54,"A","A",0,0,"L","E",-0.513,-1.472,0.5,-1.917,"short","highly","1vxa"
49,55,"A","A",0,1.392,"L","M",-2.051,-1.472,0.5,1.158,"short","minimally","1vxa"
49,56,"A","A",0,0.776,"L","K",-1.422,-1.472,0.5,-0.1,"water-mediated","neutral","1vxa"
49,57,"A","A",0,0,"L","A",-1.074,-1.472,0.5,-0.794,"water-mediated","neutral","1vxa"
49,58,"A","A",0,0,"L","S",-0.524,-1.472,0.5,-1.893,"short","highly","1vxa"
49,60,"A","A",0,1.019,"L","D",-1.602,-1.472,0.5,0.26,"water-mediated","neutral","1vxa"
49,61,"A","A",0,2.038,"L","L",-1.554,-1.472,0.5,0.164,"water-mediated","neutral","1vxa"
50,52,"A","A",0,1.328,"K","E",-2.396,-1.472,0.5,1.847,"water-mediated","minimally","1vxa"
50,53,"A","A",0,0,"K","A",-0.98,-1.472,0.5,-0.982,"water-mediated","neutral","1vxa"
50,54,"A","A",0,0,"K","E",-1.115,-1.472,0.5,-0.714,"short","neutral","1vxa"
50,55,"A","A",0,1.392,"K","M",-1.366,-1.472,0.5,-0.212,"water-mediated","neutral","1vxa"
51,53,"A","A",0,0,"T","A",-0.952,-1.472,0.5,-1.039,"short","highly","1vxa"
51,54,"A","A",0,0,"T","E",-0.985,-1.472,0.5,-0.972,"short","neutral","1vxa"
51,55,"A","A",0,1.392,"T","M",-1.496,-1.472,0.5,0.049,"water-mediated","neutral","1vxa"
51,56,"A","A",0,0.776,"T","K",-1.91,-1.472,0.5,0.877,"water-mediated","minimally","1vxa"
51,57,"A","A",0,0,"T","A",-0.906,-1.472,0.5,-1.131,"water-mediated","highly","1vxa"
52,54,"A","A",1.328,0,"E","E",-1.835,-1.472,0.5,0.726,"water-mediated","neutral","1vxa"
52,55,"A","A",1.328,1.392,"E","M",-1.014,-1.472,0.5,-0.914,"short","neutral","1vxa"
52,56,"A","A",1.328,0.776,"E","K",-2.102,-1.472,0.5,1.26,"short","minimally","1vxa"
53,55,"A","A",0,1.392,"A","M",-1.294,-1.472,0.5,-0.355,"water-mediated","neutral","1vxa"
53,56,"A","A",0,0.776,"A","K",-0.95,-1.472,0.5,-1.044,"short","highly","1vxa"
53,57,"A","A",0,0,"A","A",-1.421,-1.472,0.5,-0.101,"short","neutral","1vxa"
54,56,"A","A",0,0.776,"E","K",-2.464,-1.472,0.5,1.984,"water-mediated","minimally","1vxa"
54,57,"A","A",0,0,"E","A",-0.555,-1.472,0.5,-1.832,"short","highly","1vxa"
54,58,"A","A",0,0,"E","S",-0.974,-1.472,0.5,-0.994,"water-mediated","neutral","1vxa"
54,61,"A","A",0,2.038,"E","L",-1.4,-1.472,0.5,-0.144,"water-mediated","neutral","1vxa"
55,57,"A","A",1.392,0,"M","A",-1.294,-1.472,0.5,-0.355,"water-mediated","neutral","1vxa"
55,58,"A","A",1.392,0,"M","S",-0.953,-1.472,0.5,-1.037,"short","highly","1vxa"
55,61,"A","A",1.392,2.038,"M","L",-2.452,-1.472,0.5,1.96,"short","minimally","1vxa"
55,62,"A","A",1.392,2,"M","K",-1.849,-1.472,0.5,0.754,"water-mediated","neutral","1vxa"
56,58,"A","A",0.776,0,"K","S",-1.786,-1.472,0.5,0.627,"water-mediated","neutral","1vxa"
56,61,"A","A",0.776,2.038,"K","L",-1.834,-1.472,0.5,0.723,"water-mediated","neutral","1vxa"
56,62,"A","A",0.776,2,"K","K",-2.383,-1.472,0.5,1.821,"water-mediated","minimally","1vxa"
57,59,"A","A",0,0,"A","E",-0.818,-1.472,0.5,-1.307,"water-mediated","highly","1vxa"
57,61,"A","A",0,2.038,"A","L",-1.467,-1.472,0.5,-0.01,"water-mediated","neutral","1vxa"
57,62,"A","A",0,2,"A","K",-1.48,-1.472,0.5,0.016,"water-mediated","neutral","1vxa"
58,60,"A","A",0,1.019,"S","D",-1.413,-1.472,0.5,-0.118,"short","neutral","1vxa"
58,61,"A","A",0,2.038,"S","L",-1.256,-1.472,0.5,-0.432,"short","neutral","1vxa"
58,62,"A","A",0,2,"S","K",-1.196,-1.472,0.5,-0.552,"short","neutral","1vxa"
58,63,"A","A",0,0,"S","K",-1.296,-1.472,0.5,-0.351,"water-mediated","neutral","1vxa"
58,64,"A","A",0,0.032,"S","H",-1.125,-1.472,0.5,-0.694,"water-mediated","neutral","1vxa"
59,61,"A","A",0,2.038,"E","L",-1.4,-1.472,0.5,-0.143,"water-mediated","neutral","1vxa"
59,62,"A","A",0,2,"E","K",-1.597,-1.472,0.5,0.249,"short","neutral","1vxa"
59,63,"A","A",0,0,"E","K",-1.189,-1.472,0.5,-0.566,"short","neutral","1vxa"
60,62,"A","A",1.019,2,"D","K",-2.795,-1.472,0.5,2.644,"water-mediated","minimally","1vxa"
60,63,"A","A",1.019,0,"D","K",-1.573,-1.472,0.5,0.202,"short","neutral","1vxa"
60,64,"A","A",1.019,0.032,"D","H",-1.64,-1.472,0.5,0.337,"short","neutral","1vxa"
61,63,"A","A",2.038,0,"L","K",-1.344,-1.472,0.5,-0.256,"water-mediated","neutral","1vxa"
61,64,"A","A",2.038,0.032,"L","H",-1.386,-1.472,0.5,-0.172,"short","neutral","1vxa"
61,65,"A","A",2.038,1.147,"L","G",-1.889,-1.472,0.5,0.834,"water-mediated","minimally","1vxa"
62,64,"A","A",2,0.032,"K","H",-2.134,-1.472,0.5,1.324,"water-mediated","minimally","1vxa"
62,65,"A","A",2,1.147,"K","G",-1.74,-1.472,0.5,0.536,"short","neutral","1vxa"
62,66,"A","A",2,2.075,"K","V",-1.764,-1.472,0.5,0.584,"water-mediated","neutral","1vxa"
63,65,"A","A",0,1.147,"K","G",-1.637,-1.472,0.5,0.331,"water-mediated","neutral","1vxa"
63,66,"A","A",0,2.075,"K","V",-0.641,-1.472,0.5,-1.661,"short","highly","1vxa"
63,67,"A","A",0,0,"K","T",-0.937,-1.472,0.5,-1.069,"water-mediated","highly","1vxa"
64,66,"A","A",0.032,2.075,"H","V",-1.32,-1.472,0.5,-0.304,"water-mediated","neutral","1vxa"
64,67,"A","A",0.032,0,"H","T",-0.888,-1.472,0.5,-1.166,"short","highly","1vxa"
64,68,"A","A",0.032,0.296,"H","V",-1.37,-1.472,0.5,-0.204,"short","neutral","1vxa"
65,67,"A","A",1.147,0,"G","T",-1.261,-1.472,0.5,-0.421,"short","neutral","1vxa"
65,68,"A","A",1.147,0.296,"G","V",-1.575,-1.472,0.5,0.206,"short","neutral","1vxa"
65,69,"A","A",1.147,3.789,"G","L",-1.654,-1.472,0.5,0.364,"short","neutral","1vxa"
65,70,"A","A",1.147,0.311,"G","T",-1.975,-1.472,0.5,1.005,"water-mediated","minimally","1vxa"
66,68,"A","A",2.075,0.296,"V","V",-2.337,-1.472,0.5,1.729,"water-mediated","minimally","1vxa"
66,69,"A","A",2.075,3.789,"V","L",-2.618,-1.472,0.5,2.291,"short","minimally","1vxa"
66,70,"A","A",2.075,0.311,"V","T",-1.802,-1.472,0.5,0.66,"short","neutral","1vxa"
67,69,"A","A",0,3.789,"T","L",-1.527,-1.472,0.5,0.111,"long","neutral","1vxa"
67,70,"A","A",0,0.311,"T","T",-1.477,-1.472,0.5,0.01,"short","neutral","1vxa"
67,71,"A","A",0,0.989,"T","A",-1.373,-1.472,0.5,-0.198,"short","neutral","1vxa"
68,70,"A","A",0.296,0.311,"V","T",-1.75,-1.472,0.5,0.555,"water-mediated","neutral","1vxa"
68,71,"A","A",0.296,0.989,"V","A",-2.449,-1.472,0.5,1.954,"short","minimally","1vxa"
68,72,"A","A",0.296,0,"V","L",-1.997,-1.472,0.5,1.05,"short","minimally","1vxa"
68,73,"A","A",0.296,0.986,"V","G",-1.749,-1.472,0.5,0.554,"water-mediated","neutral","1vxa"
68,107,"A","A",0.296,1.011,"V","I",-2.248,-1.472,0.5,1.552,"water-mediated","minimally","1vxa"
68,111,"A","A",0.296,1.025,"V","I",-1.95,-1.472,0.5,0.957,"water-mediated","minimally","1vxa"
69,71,"A","A",3.789,0.989,"L","A",-1.871,-1.472,0.5,0.798,"long","minimally","1vxa"
69,72,"A","A",3.789,0,"L","L",-2.306,-1.472,0.5,1.667,"short","minimally","1vxa"
69,73,"A","A",3.789,0.986,"L","G",-1.739,-1.472,0.5,0.534,"long","neutral","1vxa"
69,111,"A","A",3.789,1.025,"L","I",-2.713,-1.472,0.5,2.481,"long","minimally","1vxa"
70,72,"A","A",0.311,0,"T","L",-1.504,-1.472,0.5,0.064,"water-mediated","neutral","1vxa"
70,73,"A","A",0.311,0.986,"T","G",-1.788,-1.472,0.5,0.633,"short","neutral","1vxa"
70,74,"A","A",0.311,0,"T","A",-1.315,-1.472,0.5,-0.314,"water-mediated","neutral","1vxa"
71,73,"A","A",0.989,0.986,"A","G",-1.726,-1.472,0.5,0.509,"water-mediated","neutral","1vxa"
71,74,"A","A",0.989,0,"A","A",-1.978,-1.472,0.5,1.012,"short","minimally","1vxa"
71,75,"A","A",0.989,0.954,"A","I",-1.969,-1.472,0.5,0.994,"water-mediated","minimally","1vxa"
71,85,"A","A",0.989,0.001,"A","E",-1.238,-1.472,0.5,-0.466,"water-mediated","neutral","1vxa"
71,86,"A","A",0.989,2.274,"A","L",-1.882,-1.472,0.5,0.819,"water-mediated","minimally","1vxa"
71,88,"A","A",0.989,0,"A","P",-1.321,-1.472,0.5,-0.301,"water-mediated","neutral","1vxa"
71,89,"A","A",0.989,1.009,"A","L",-2.615,-1.472,0.5,2.284,"short","minimally","1vxa"
72,74,"A","A",0,0,"L","A",-1.075,-1.472,0.5,-0.793,"water-mediated","neutral","1vxa"
72,75,"A","A",0,0.954,"L","I",-2.147,-1.472,0.5,1.349,"short","minimally","1vxa"
72,76,"A","A",0,3.348,"L","L",-2.298,-1.472,0.5,1.652,"short","minimally","1vxa"
72,85,"A","A",0,0.001,"L","E",-0.994,-1.472,0.5,-0.955,"water-mediated","neutral","1vxa"
72,89,"A","A",0,1.009,"L","L",-1.538,-1.472,0.5,0.133,"water-mediated","neutral","1vxa"
72,107,"A","A",0,1.011,"L","I",-1.538,-1.472,0.5,0.133,"water-mediated","neutral","1vxa"
72,111,"A","A",0,1.025,"L","I",-1.551,-1.472,0.5,0.158,"water-mediated","neutral","1vxa"
72,134,"A","A",0,2.949,"L","A",-1.296,-1.472,0.5,-0.351,"long","neutral","1vxa"
72,135,"A","A",0,0.163,"L","L",-1.375,-1.472,0.5,-0.193,"water-mediated","neutral","1vxa"
72,138,"A","A",0,0.954,"L","F",-1.455,-1.472,0.5,-0.034,"water-mediated","neutral","1vxa"
73,75,"A","A",0.986,0.954,"G","I",-1.751,-1.472,0.5,0.558,"short","neutral","1vxa"
73,76,"A","A",0.986,3.348,"G","L",-1.745,-1.472,0.5,0.547,"short","neutral","1vxa"
73,77,"A","A",0.986,0.171,"G","K",-1.238,-1.472,0.5,-0.467,"short","neutral","1vxa"
73,78,"A","A",0.986,0,"G","K",-1.698,-1.472,0.5,0.453,"water-mediated","neutral","1vxa"
73,85,"A","A",0.986,0.001,"G","E",-1.516,-1.472,0.5,0.088,"water-mediated","neutral","1vxa"
74,76,"A","A",0,3.348,"A","L",-1.443,-1.472,0.5,-0.058,"long","neutral","1vxa"
74,77,"A","A",0,0.171,"A","K",-0.756,-1.472,0.5,-1.431,"short","highly","1vxa"
74,78,"A","A",0,0,"A","K",-0.988,-1.472,0.5,-0.966,"water-mediated","neutral","1vxa"
74,82,"A","A",0,0.002,"A","H",-0.723,-1.472,0.5,-1.496,"water-mediated","highly","1vxa"
74,84,"A","A",0,0,"A","A",-0.856,-1.472,0.5,-1.231,"water-mediated","highly","1vxa"
74,85,"A","A",0,0.001,"A","E",-0.559,-1.472,0.5,-1.824,"short","highly","1vxa"
74,86,"A","A",0,2.274,"A","L",-1.423,-1.472,0.5,-0.098,"water-mediated","neutral","1vxa"
74,89,"A","A",0,1.009,"A","L",-1.372,-1.472,0.5,-0.199,"water-mediated","neutral","1vxa"
75,77,"A","A",0.954,0.171,"I","K",-1.76,-1.472,0.5,0.577,"water-mediated","neutral","1vxa"
75,78,"A","A",0.954,0,"I","K",-0.564,-1.472,0.5,-1.815,"short","highly","1vxa"
75,79,"A","A",0.954,0.787,"I","K",-1.867,-1.472,0.5,0.791,"water-mediated","minimally","1vxa"
75,80,"A","A",0.954,0.882,"I","G",-1.878,-1.472,0.5,0.813,"water-mediated","minimally","1vxa"
75,82,"A","A",0.954,0.002,"I","H",-1.14,-1.472,0.5,-0.664,"short","neutral","1vxa"
75,85,"A","A",0.954,0.001,"I","E",-0.776,-1.472,0.5,-1.391,"short","highly","1vxa"
75,86,"A","A",0.954,2.274,"I","L",-2.536,-1.472,0.5,2.127,"short","minimally","1vxa"
75,89,"A","A",0.954,1.009,"I","L",-1.943,-1.472,0.5,0.941,"water-mediated","minimally","1vxa"
75,134,"A","A",0.954,2.949,"I","A",-1.753,-1.472,0.5,0.561,"long","neutral","1vxa"
75,137,"A","A",0.954,0.886,"I","L",-1.879,-1.472,0.5,0.813,"water-mediated","minimally","1vxa"
75,138,"A","A",0.954,0.954,"I","F",-2.439,-1.472,0.5,1.934,"short","minimally","1vxa"
75,141,"A","A",0.954,1.001,"I","D",-2.016,-1.472,0.5,1.088,"water-mediated","minimally","1vxa"
75,142,"A","A",0.954,2.056,"I","I",-2.355,-1.472,0.5,1.765,"water-mediated","minimally","1vxa"
76,78,"A","A",3.348,0,"L","K",-1.347,-1.472,0.5,-0.25,"long","neutral","1vxa"
76,79,"A","A",3.348,0.787,"L","K",-1.837,-1.472,0.5,0.73,"long","neutral","1vxa"
76,80,"A","A",3.348,0.882,"L","G",-1.81,-1.472,0.5,0.676,"long","neutral","1vxa"
76,82,"A","A",3.348,0.002,"L","H",-1.391,-1.472,0.5,-0.162,"long","neutral","1vxa"
76,85,"A","A",3.348,0.001,"L","E",-1.282,-1.472,0.5,-0.379,"long","neutral","1vxa"
76,131,"A","A",3.348,1.789,"L","M",-2.483,-1.472,0.5,2.021,"long","minimally","1vxa"
76,134,"A","A",3.348,2.949,"L","A",-2.772,-1.472,0.5,2.599,"short","minimally","1vxa"
76,135,"A","A",3.348,0.163,"L","L",-2.541,-1.472,0.5,2.138,"long","minimally","1vxa"
76,138,"A","A",3.348,0.954,"L","F",-2.435,-1.472,0.5,1.925,"long","minimally","1vxa"
77,79,"A","A",0.171,0.787,"K","K",-2.177,-1.472,0.5,1.409,"water-mediated","minimally","1vxa"
77,82,"A","A",0.171,0.002,"K","H",-1.881,-1.472,0.5,0.818,"water-mediated","minimally","1vxa"
77,85,"A","A",0.171,0.001,"K","E",-2.267,-1.472,0.5,1.589,"water-mediated","minimally","1vxa"
78,80,"A","A",0,0.882,"K","G",-0.945,-1.472,0.5,-1.052,"short","highly","1vxa"
78,81,"A","A",0,0,"K","H",-0.59,-1.472,0.5,-1.763,"short","highly","1vxa"
78,82,"A","A",0,0.002,"K","H",-0.953,-1.472,0.5,-1.036,"short","highly","1vxa"
78,83,"A","A",0,0,"K","E",-1.975,-1.472,0.5,1.006,"water-mediated","minimally","1vxa"
78,84,"A","A",0,0,"K","A",-0.989,-1.472,0.5,-0.965,"water-mediated","neutral","1vxa"
78,85,"A","A",0,0.001,"K","E",-1.135,-1.472,0.5,-0.673,"short","neutral","1vxa"
78,86,"A","A",0,2.274,"K","L",-1.343,-1.472,0.5,-0.257,"water-mediated","neutral","1vxa"
79,81,"A","A",0.787,0,"K","H",-1.031,-1.472,0.5,-0.88,"short","neutral","1vxa"
79,82,"A","A",0.787,0.002,"K","H",-2.079,-1.472,0.5,1.214,"water-mediated","minimally","1vxa"
79,134,"A","A",0.787,2.949,"K","A",-1.86,-1.472,0.5,0.775,"long","neutral","1vxa"
80,82,"A","A",0.882,0.002,"G","H",-0.979,-1.472,0.5,-0.986,"short","neutral","1vxa"
80,83,"A","A",0.882,0,"G","E",-1.514,-1.472,0.5,0.084,"water-mediated","neutral","1vxa"
80,86,"A","A",0.882,2.274,"G","L",-1.886,-1.472,0.5,0.829,"water-mediated","minimally","1vxa"
80,134,"A","A",0.882,2.949,"G","A",-1.837,-1.472,0.5,0.731,"long","neutral","1vxa"
80,137,"A","A",0.882,0.886,"G","L",-1.547,-1.472,0.5,0.151,"short","neutral","1vxa"
80,138,"A","A",0.882,0.954,"G","F",-2.066,-1.472,0.5,1.187,"water-mediated","minimally","1vxa"
80,141,"A","A",0.882,1.001,"G","D",-2.161,-1.472,0.5,1.377,"water-mediated","minimally","1vxa"
81,83,"A","A",0,0,"H","E",-1.342,-1.472,0.5,-0.26,"water-mediated","neutral","1vxa"
81,84,"A","A",0,0,"H","A",-0.719,-1.472,0.5,-1.506,"water-mediated","highly","1vxa"
81,85,"A","A",0,0.001,"H","E",-1.336,-1.472,0.5,-0.271,"water-mediated","neutral","1vxa"
82,84,"A","A",0.002,0,"H","A",-0.723,-1.472,0.5,-1.496,"water-mediated","highly","1vxa"
82,85,"A","A",0.002,0.001,"H","E",-0.506,-1.472,0.5,-1.93,"short","highly","1vxa"
82,86,"A","A",0.002,2.274,"H","L",-1.33,-1.472,0.5,-0.284,"short","neutral","1vxa"
82,87,"A","A",0.002,0.574,"H","K",-2.065,-1.472,0.5,1.187,"water-mediated","minimally","1vxa"
82,89,"A","A",0.002,1.009,"H","L",-1.248,-1.472,0.5,-0.448,"water-mediated","neutral","1vxa"
82,137,"A","A",0.002,0.886,"H","L",-1.247,-1.472,0.5,-0.449,"water-mediated","neutral","1vxa"
82,138,"A","A",0.002,0.954,"H","F",-1.163,-1.472,0.5,-0.618,"water-mediated","neutral","1vxa"
82,141,"A","A",0.002,1.001,"H","D",-2.053,-1.472,0.5,1.162,"water-mediated","minimally","1vxa"
83,85,"A","A",0,0.001,"E","E",-1.353,-1.472,0.5,-0.237,"water-mediated","neutral","1vxa"
83,86,"A","A",0,2.274,"E","L",-0.716,-1.472,0.5,-1.511,"short","highly","1vxa"
83,87,"A","A",0,0.574,"E","K",-1.591,-1.472,0.5,0.238,"short","neutral","1vxa"
83,141,"A","A",0,1.001,"E","D",-1.659,-1.472,0.5,0.374,"water-mediated","neutral","1vxa"
83,145,"A","A",0,0.856,"E","K",-2.465,-1.472,0.5,1.985,"water-mediated","minimally","1vxa"
84,86,"A","A",0,2.274,"A","L",-1.466,-1.472,0.5,-0.012,"water-mediated","neutral","1vxa"
84,87,"A","A",0,0.574,"A","K",-1.116,-1.472,0.5,-0.711,"short","neutral","1vxa"
84,88,"A","A",0,0,"A","P",-0.902,-1.472,0.5,-1.139,"water-mediated","highly","1vxa"
85,87,"A","A",0.001,0.574,"E","K",-2.458,-1.472,0.5,1.971,"water-mediated","minimally","1vxa"
85,88,"A","A",0.001,0,"E","P",-1.443,-1.472,0.5,-0.058,"water-mediated","neutral","1vxa"
85,89,"A","A",0.001,1.009,"E","L",-1.394,-1.472,0.5,-0.155,"water-mediated","neutral","1vxa"
86,88,"A","A",2.274,0,"L","P",-1.377,-1.472,0.5,-0.189,"water-mediated","neutral","1vxa"
86,89,"A","A",2.274,1.009,"L","L",-2.546,-1.472,0.5,2.148,"short","minimally","1vxa"
86,90,"A","A",2.274,2.005,"L","A",-2.623,-1.472,0.5,2.302,"short","minimally","1vxa"
86,91,"A","A",2.274,0.185,"L","Q",-1.575,-1.472,0.5,0.206,"water-mediated","neutral","1vxa"
86,138,"A","A",2.274,0.954,"L","F",-1.852,-1.472,0.5,0.76,"water-mediated","neutral","1vxa"
86,141,"A","A",2.274,1.001,"L","D",-0.979,-1.472,0.5,-0.985,"short","neutral","1vxa"
86,142,"A","A",2.274,2.056,"L","I",-2.537,-1.472,0.5,2.13,"short","minimally","1vxa"
86,144,"A","A",2.274,0,"L","A",-1.384,-1.472,0.5,-0.176,"water-mediated","neutral","1vxa"
86,145,"A","A",2.274,0.856,"L","K",-1.63,-1.472,0.5,0.316,"water-mediated","neutral","1vxa"
87,89,"A","A",0.574,1.009,"K","L",-1.824,-1.472,0.5,0.705,"water-mediated","neutral","1vxa"
87,90,"A","A",0.574,2.005,"K","A",-1.363,-1.472,0.5,-0.218,"short","neutral","1vxa"
87,91,"A","A",0.574,0.185,"K","Q",-1.41,-1.472,0.5,-0.123,"short","neutral","1vxa"
87,142,"A","A",0.574,2.056,"K","I",-1.878,-1.472,0.5,0.813,"water-mediated","minimally","1vxa"
87,145,"A","A",0.574,0.856,"K","K",-1.578,-1.472,0.5,0.212,"short","neutral","1vxa"
87,148,"A","A",0.574,0,"K","E",-1.965,-1.472,0.5,0.986,"water-mediated","minimally","1vxa"
88,90,"A","A",0,2.005,"P","A",-1.321,-1.472,0.5,-0.301,"water-mediated","neutral","1vxa"
88,91,"A","A",0,0.185,"P","Q",-0.666,-1.472,0.5,-1.611,"short","highly","1vxa"
88,92,"A","A",0,0,"P","S",-1.304,-1.472,0.5,-0.334,"water-mediated","neutral","1vxa"
89,91,"A","A",1.009,0.185,"L","Q",-1.586,-1.472,0.5,0.228,"water-mediated","neutral","1vxa"
89,92,"A","A",1.009,0,"L","S",-1.095,-1.472,0.5,-0.753,"short","neutral","1vxa"
89,93,"A","A",1.009,0,"L","H",-1.327,-1.472,0.5,-0.29,"short","neutral","1vxa"
89,94,"A","A",1.009,1.477,"L","A",-1.845,-1.472,0.5,0.745,"water-mediated","neutral","1vxa"
89,138,"A","A",1.009,0.954,"L","F",-1.744,-1.472,0.5,0.545,"water-mediated","neutral","1vxa"
89,142,"A","A",1.009,2.056,"L","I",-1.956,-1.472,0.5,0.967,"water-mediated","minimally","1vxa"
89,145,"A","A",1.009,0.856,"L","K",-1.834,-1.472,0.5,0.725,"water-mediated","neutral","1vxa"
90,92,"A","A",2.005,0,"A","S",-1.348,-1.472,0.5,-0.246,"water-mediated","neutral","1vxa"
90,93,"A","A",2.005,0,"A","H",-1.176,-1.472,0.5,-0.592,"short","neutral","1vxa"
90,94,"A","A",2.005,1.477,"A","A",-2.399,-1.472,0.5,1.853,"short","minimally","1vxa"
90,95,"A","A",2.005,0.73,"A","T",-1.79,-1.472,0.5,0.636,"water-mediated","neutral","1vxa"
90,141,"A","A",2.005,1.001,"A","D",-1.745,-1.472,0.5,0.547,"water-mediated","neutral","1vxa"
90,142,"A","A",2.005,2.056,"A","I",-2.599,-1.472,0.5,2.253,"short","minimally","1vxa"
90,143,"A","A",2.005,0.999,"A","A",-1.698,-1.472,0.5,0.453,"water-mediated","neutral","1vxa"
90,144,"A","A",2.005,0,"A","A",-1.279,-1.472,0.5,-0.385,"water-mediated","neutral","1vxa"
90,145,"A","A",2.005,0.856,"A","K",-1.821,-1.472,0.5,0.699,"short","neutral","1vxa"
90,146,"A","A",2.005,1.924,"A","Y",-1.787,-1.472,0.5,0.631,"short","neutral","1vxa"
90,148,"A","A",2.005,0,"A","E",-1.238,-1.472,0.5,-0.468,"water-mediated","neutral","1vxa"
90,149,"A","A",2.005,1.482,"A","L",-1.948,-1.472,0.5,0.951,"water-mediated","minimally","1vxa"
90,151,"A","A",2.005,0.005,"A","Y",-1.405,-1.472,0.5,-0.134,"water-mediated","neutral","1vxa"
91,93,"A","A",0.185,0,"Q","H",-1.815,-1.472,0.5,0.685,"water-mediated","neutral","1vxa"
91,94,"A","A",0.185,1.477,"Q","A",-1.395,-1.472,0.5,-0.153,"short","neutral","1vxa"
91,95,"A","A",0.185,0.73,"Q","T",-1.677,-1.472,0.5,0.411,"short","neutral","1vxa"
91,96,"A","A",0.185,0,"Q","K",-1.714,-1.472,0.5,0.484,"water-mediated","neutral","1vxa"
91,145,"A","A",0.185,0.856,"Q","K",-2.204,-1.472,0.5,1.465,"water-mediated","minimally","1vxa"
91,149,"A","A",0.185,1.482,"Q","L",-1.528,-1.472,0.5,0.112,"water-mediated","neutral","1vxa"
92,94,"A","A",0,1.477,"S","A",-1.348,-1.472,0.5,-0.246,"water-mediated","neutral","1vxa"
92,95,"A","A",0,0.73,"S","T",-1.569,-1.472,0.5,0.195,"water-mediated","neutral","1vxa"
92,96,"A","A",0,0,"S","K",-0.357,-1.472,0.5,-2.227,"short","highly","1vxa"
92,97,"A","A",0,0.923,"S","H",-1.365,-1.472,0.5,-0.213,"short","neutral","1vxa"
92,99,"A","A",0,0.962,"S","I",-1.554,-1.472,0.5,0.164,"water-mediated","neutral","1vxa"
93,95,"A","A",0,0.73,"H","T",-1.796,-1.472,0.5,0.649,"water-mediated","neutral","1vxa"
93,96,"A","A",0,0,"H","K",-1.585,-1.472,0.5,0.227,"water-mediated","neutral","1vxa"
93,97,"A","A",0,0.923,"H","H",-1.228,-1.472,0.5,-0.488,"short","neutral","1vxa"
93,98,"A","A",0,0.003,"H","K",-1.59,-1.472,0.5,0.237,"water-mediated","neutral","1vxa"
93,99,"A","A",0,0.962,"H","I",-1.192,-1.472,0.5,-0.56,"short","neutral","1vxa"
93,100,"A","A",0,0.681,"H","P",-1.924,-1.472,0.5,0.904,"water-mediated","minimally","1vxa"
93,103,"A","A",0,1.015,"H","Y",-1.015,-1.472,0.5,-0.912,"water-mediated","neutral","1vxa"
93,104,"A","A",0,1.056,"H","L",-1.244,-1.472,0.5,-0.455,"water-mediated","neutral","1vxa"
93,142,"A","A",0,2.056,"H","I",-1.613,-1.472,0.5,0.282,"water-mediated","neutral","1vxa"
93,145,"A","A",0,0.856,"H","K",-2.071,-1.472,0.5,1.198,"water-mediated","minimally","1vxa"
93,146,"A","A",0,1.924,"H","Y",-1.012,-1.472,0.5,-0.919,"water-mediated","neutral","1vxa"
93,149,"A","A",0,1.482,"H","L",-1.245,-1.472,0.5,-0.453,"water-mediated","neutral","1vxa"
93,151,"A","A",0,0.005,"H","Y",-0.603,-1.472,0.5,-1.736,"water-mediated","highly","1vxa"
93,153,"A","A",0,1.68,"H","G",-1.682,-1.472,0.5,0.42,"water-mediated","neutral","1vxa"
94,96,"A","A",1.477,0,"A","K",-1.409,-1.472,0.5,-0.126,"water-mediated","neutral","1vxa"
94,97,"A","A",1.477,0.923,"A","H",-1.598,-1.472,0.5,0.253,"water-mediated","neutral","1vxa"
94,98,"A","A",1.477,0.003,"A","K",-1.414,-1.472,0.5,-0.116,"water-mediated","neutral","1vxa"
94,99,"A","A",1.477,0.962,"A","I",-1.83,-1.472,0.5,0.716,"water-mediated","neutral","1vxa"
94,142,"A","A",1.477,2.056,"A","I",-1.83,-1.472,0.5,0.717,"water-mediated","neutral","1vxa"
94,145,"A","A",1.477,0.856,"A","K",-1.898,-1.472,0.5,0.852,"water-mediated","minimally","1vxa"
94,146,"A","A",1.477,1.924,"A","Y",-1.784,-1.472,0.5,0.624,"short","neutral","1vxa"
94,147,"A","A",1.477,0,"A","K",-1.405,-1.472,0.5,-0.133,"water-mediated","neutral","1vxa"
94,148,"A","A",1.477,0,"A","E",-1.238,-1.472,0.5,-0.468,"water-mediated","neutral","1vxa"
94,149,"A","A",1.477,1.482,"A","L",-2.112,-1.472,0.5,1.279,"short","minimally","1vxa"
94,150,"A","A",1.477,0,"A","G",-1.264,-1.472,0.5,-0.415,"water-mediated","neutral","1vxa"
94,151,"A","A",1.477,0.005,"A","Y",-1.265,-1.472,0.5,-0.414,"short","neutral","1vxa"
94,152,"A","A",1.477,0,"A","Q",-1.206,-1.472,0.5,-0.532,"water-mediated","neutral","1vxa"
94,153,"A","A",1.477,1.68,"A","G",-1.732,-1.472,0.5,0.52,"water-mediated","neutral","1vxa"
95,97,"A","A",0.73,0.923,"T","H",-2.256,-1.472,0.5,1.567,"water-mediated","minimally","1vxa"
95,98,"A","A",0.73,0.003,"T","K",-1.886,-1.472,0.5,0.827,"water-mediated","minimally","1vxa"
95,149,"A","A",0.73,1.482,"T","L",-1.784,-1.472,0.5,0.625,"short","neutral","1vxa"
95,150,"A","A",0.73,0,"T","G",-1.575,-1.472,0.5,0.205,"water-mediated","neutral","1vxa"
95,151,"A","A",0.73,0.005,"T","Y",-0.981,-1.472,0.5,-0.981,"water-mediated","neutral","1vxa"
96,98,"A","A",0,0.003,"K","K",-1.407,-1.472,0.5,-0.13,"water-mediated","neutral","1vxa"
96,99,"A","A",0,0.962,"K","I",-1.449,-1.472,0.5,-0.045,"water-mediated","neutral","1vxa"
97,99,"A","A",0.923,0.962,"H","I",-1.407,-1.472,0.5,-0.13,"short","neutral","1vxa"
97,103,"A","A",0.923,1.015,"H","Y",-1.571,-1.472,0.5,0.199,"water-mediated","neutral","1vxa"
98,100,"A","A",0.003,0.681,"K","P",-2.005,-1.472,0.5,1.067,"water-mediated","minimally","1vxa"
98,151,"A","A",0.003,0.005,"K","Y",-0.342,-1.472,0.5,-2.258,"water-mediated","highly","1vxa"
98,153,"A","A",0.003,1.68,"K","G",-1.704,-1.472,0.5,0.465,"water-mediated","neutral","1vxa"
99,101,"A","A",0.962,2.996,"I","I",-2.627,-1.472,0.5,2.309,"long","minimally","1vxa"
99,102,"A","A",0.962,0,"I","K",-1.468,-1.472,0.5,-0.008,"water-mediated","neutral","1vxa"
99,103,"A","A",0.962,1.015,"I","Y",-2.505,-1.472,0.5,2.065,"short","minimally","1vxa"
99,104,"A","A",0.962,1.056,"I","L",-2.066,-1.472,0.5,1.188,"water-mediated","minimally","1vxa"
99,107,"A","A",0.962,1.011,"I","I",-2.54,-1.472,0.5,2.135,"water-mediated","minimally","1vxa"
99,142,"A","A",0.962,2.056,"I","I",-2.534,-1.472,0.5,2.124,"water-mediated","minimally","1vxa"
99,146,"A","A",0.962,1.924,"I","Y",-1.959,-1.472,0.5,0.974,"water-mediated","minimally","1vxa"
99,151,"A","A",0.962,0.005,"I","Y",-1.53,-1.472,0.5,0.117,"water-mediated","neutral","1vxa"
99,153,"A","A",0.962,1.68,"I","G",-1.879,-1.472,0.5,0.814,"water-mediated","minimally","1vxa"
100,102,"A","A",0.681,0,"P","K",-0.588,-1.472,0.5,-1.767,"short","highly","1vxa"
100,103,"A","A",0.681,1.015,"P","Y",-1.855,-1.472,0.5,0.765,"short","neutral","1vxa"
100,104,"A","A",0.681,1.056,"P","L",-1.858,-1.472,0.5,0.772,"water-mediated","neutral","1vxa"
100,105,"A","A",0.681,0.163,"P","E",-2.193,-1.472,0.5,1.442,"water-mediated","minimally","1vxa"
100,106,"A","A",0.681,2.913,"P","F",-1.696,-1.472,0.5,0.447,"long","neutral","1vxa"
100,146,"A","A",0.681,1.924,"P","Y",-1.454,-1.472,0.5,-0.036,"water-mediated","neutral","1vxa"
100,151,"A","A",0.681,0.005,"P","Y",-1.044,-1.472,0.5,-0.855,"water-mediated","neutral","1vxa"
100,152,"A","A",0.681,0,"P","Q",-1.905,-1.472,0.5,0.865,"water-mediated","minimally","1vxa"
100,153,"A","A",0.681,1.68,"P","G",-1.616,-1.472,0.5,0.288,"short","neutral","1vxa"
101,103,"A","A",2.996,1.015,"I","Y",-1.914,-1.472,0.5,0.885,"long","minimally","1vxa"
101,104,"A","A",2.996,1.056,"I","L",-2.611,-1.472,0.5,2.278,"short","minimally","1vxa"
101,105,"A","A",2.996,0.163,"I","E",-1.361,-1.472,0.5,-0.222,"long","neutral","1vxa"
101,139,"A","A",2.996,2.173,"I","R",-1.651,-1.472,0.5,0.358,"short","neutral","1vxa"
101,140,"A","A",2.996,0,"I","K",-1.254,-1.472,0.5,-0.436,"long","neutral","1vxa"
101,142,"A","A",2.996,2.056,"I","I",-2.627,-1.472,0.5,2.31,"long","minimally","1vxa"
101,143,"A","A",2.996,0.999,"I","A",-2.688,-1.472,0.5,2.432,"short","minimally","1vxa"
101,146,"A","A",2.996,1.924,"I","Y",-1.915,-1.472,0.5,0.886,"long","minimally","1vxa"
101,152,"A","A",2.996,0,"I","Q",-1.238,-1.472,0.5,-0.468,"long","neutral","1vxa"
101,153,"A","A",2.996,1.68,"I","G",-1.824,-1.472,0.5,0.704,"short","neutral","1vxa"
102,104,"A","A",0,1.056,"K","L",-1.344,-1.472,0.5,-0.256,"water-mediated","neutral","1vxa"
102,105,"A","A",0,0.163,"K","E",-1.382,-1.472,0.5,-0.18,"short","neutral","1vxa"
102,106,"A","A",0,2.913,"K","F",-1.124,-1.472,0.5,-0.694,"long","neutral","1vxa"
102,153,"A","A",0,1.68,"K","G",-1.7,-1.472,0.5,0.455,"water-mediated","neutral","1vxa"
103,105,"A","A",1.015,0.163,"Y","E",-1.123,-1.472,0.5,-0.698,"water-mediated","neutral","1vxa"
103,106,"A","A",1.015,2.913,"Y","F",-2.301,-1.472,0.5,1.657,"short","minimally","1vxa"
103,107,"A","A",1.015,1.011,"Y","I",-2.108,-1.472,0.5,1.271,"water-mediated","minimally","1vxa"
103,153,"A","A",1.015,1.68,"Y","G",-1.772,-1.472,0.5,0.601,"water-mediated","neutral","1vxa"
104,106,"A","A",1.056,2.913,"L","F",-2.329,-1.472,0.5,1.714,"long","minimally","1vxa"
104,107,"A","A",1.056,1.011,"L","I",-2.536,-1.472,0.5,2.128,"short","minimally","1vxa"
104,108,"A","A",1.056,0.151,"L","S",-1.245,-1.472,0.5,-0.454,"short","neutral","1vxa"
104,135,"A","A",1.056,0.163,"L","L",-1.767,-1.472,0.5,0.59,"water-mediated","neutral","1vxa"
104,138,"A","A",1.056,0.954,"L","F",-1.847,-1.472,0.5,0.749,"water-mediated","neutral","1vxa"
104,139,"A","A",1.056,2.173,"L","R",-1.471,-1.472,0.5,-0.002,"short","neutral","1vxa"
104,142,"A","A",1.056,2.056,"L","I",-1.978,-1.472,0.5,1.012,"water-mediated","minimally","1vxa"
104,143,"A","A",1.056,0.999,"L","A",-1.886,-1.472,0.5,0.828,"water-mediated","minimally","1vxa"
104,153,"A","A",1.056,1.68,"L","G",-1.895,-1.472,0.5,0.846,"water-mediated","minimally","1vxa"
105,107,"A","A",0.163,1.011,"E","I",-1.761,-1.472,0.5,0.579,"water-mediated","neutral","1vxa"
105,108,"A","A",0.163,0.151,"E","S",-1.179,-1.472,0.5,-0.586,"short","neutral","1vxa"
105,109,"A","A",0.163,0,"E","E",-1.343,-1.472,0.5,-0.258,"water-mediated","neutral","1vxa"
105,135,"A","A",0.163,0.163,"E","L",-1.509,-1.472,0.5,0.075,"water-mediated","neutral","1vxa"
105,136,"A","A",0.163,0,"E","E",-1.611,-1.472,0.5,0.277,"water-mediated","neutral","1vxa"
105,139,"A","A",0.163,2.173,"E","R",-2.505,-1.472,0.5,2.066,"water-mediated","minimally","1vxa"
106,108,"A","A",2.913,0.151,"F","S",-1.59,-1.472,0.5,0.235,"long","neutral","1vxa"
106,109,"A","A",2.913,0,"F","E",-0.586,-1.472,0.5,-1.77,"short","highly","1vxa"
106,110,"A","A",2.913,1.244,"F","A",-2.079,-1.472,0.5,1.213,"long","minimally","1vxa"
107,109,"A","A",1.011,0,"I","E",-1.485,-1.472,0.5,0.025,"water-mediated","neutral","1vxa"
107,110,"A","A",1.011,1.244,"I","A",-2.615,-1.472,0.5,2.285,"short","minimally","1vxa"
107,111,"A","A",1.011,1.025,"I","I",-2.537,-1.472,0.5,2.128,"short","minimally","1vxa"
107,135,"A","A",1.011,0.163,"I","L",-1.775,-1.472,0.5,0.605,"water-mediated","neutral","1vxa"
108,110,"A","A",0.151,1.244,"S","A",-1.603,-1.472,0.5,0.263,"water-mediated","neutral","1vxa"
108,111,"A","A",0.151,1.025,"S","I",-1.073,-1.472,0.5,-0.798,"short","neutral","1vxa"
108,112,"A","A",0.151,1.459,"S","I",-1.653,-1.472,0.5,0.362,"water-mediated","neutral","1vxa"
108,131,"A","A",0.151,1.789,"S","M",-1.512,-1.472,0.5,0.08,"water-mediated","neutral","1vxa"
108,132,"A","A",0.151,0.042,"S","N",-1.591,-1.472,0.5,0.238,"water-mediated","neutral","1vxa"
108,135,"A","A",0.151,0.163,"S","L",-1.297,-1.472,0.5,-0.35,"short","neutral","1vxa"
108,136,"A","A",0.151,0,"S","E",-1.389,-1.472,0.5,-0.166,"water-mediated","neutral","1vxa"
108,138,"A","A",0.151,0.954,"S","F",-1.668,-1.472,0.5,0.393,"water-mediated","neutral","1vxa"
108,139,"A","A",0.151,2.173,"S","R",-1.971,-1.472,0.5,0.998,"water-mediated","minimally","1vxa"
109,111,"A","A",0,1.025,"E","I",-1.485,-1.472,0.5,0.026,"water-mediated","neutral","1vxa"
109,112,"A","A",0,1.459,"E","I",-0.768,-1.472,0.5,-1.407,"short","highly","1vxa"
109,113,"A","A",0,0.999,"E","H",-0.985,-1.472,0.5,-0.974,"short","neutral","1vxa"
109,135,"A","A",0,0.163,"E","L",-1.231,-1.472,0.5,-0.482,"water-mediated","neutral","1vxa"
110,112,"A","A",1.244,1.459,"A","I",-1.831,-1.472,0.5,0.717,"water-mediated","neutral","1vxa"
110,113,"A","A",1.244,0.999,"A","H",-1.635,-1.472,0.5,0.327,"short","neutral","1vxa"
110,114,"A","A",1.244,3.761,"A","V",-2.607,-1.472,0.5,2.269,"short","minimally","1vxa"
111,113,"A","A",1.025,0.999,"I","H",-2.072,-1.472,0.5,1.199,"water-mediated","minimally","1vxa"
111,114,"A","A",1.025,3.761,"I","V",-2.674,-1.472,0.5,2.403,"short","minimally","1vxa"
111,115,"A","A",1.025,1.017,"I","L",-2.516,-1.472,0.5,2.087,"short","minimally","1vxa"
111,131,"A","A",1.025,1.789,"I","M",-2.331,-1.472,0.5,1.717,"water-mediated","minimally","1vxa"
111,135,"A","A",1.025,0.163,"I","L",-1.791,-1.472,0.5,0.638,"water-mediated","neutral","1vxa"
112,114,"A","A",1.459,3.761,"I","V",-2.396,-1.472,0.5,1.847,"long","minimally","1vxa"
112,115,"A","A",1.459,1.017,"I","L",-2.535,-1.472,0.5,2.126,"short","minimally","1vxa"
112,116,"A","A",1.459,0,"I","H",-1.003,-1.472,0.5,-0.937,"short","neutral","1vxa"
112,123,"A","A",1.459,0.998,"I","F",-1.935,-1.472,0.5,0.925,"water-mediated","minimally","1vxa"
112,128,"A","A",1.459,0.654,"I","Q",-1.483,-1.472,0.5,0.022,"short","neutral","1vxa"
112,129,"A","A",1.459,0,"I","G",-1.41,-1.472,0.5,-0.123,"water-mediated","neutral","1vxa"
112,131,"A","A",1.459,1.789,"I","M",-2.336,-1.472,0.5,1.727,"short","minimally","1vxa"
112,132,"A","A",1.459,0.042,"I","N",-1.54,-1.472,0.5,0.136,"water-mediated","neutral","1vxa"
112,135,"A","A",1.459,0.163,"I","L",-1.776,-1.472,0.5,0.608,"water-mediated","neutral","1vxa"
113,115,"A","A",0.999,1.017,"H","L",-1.703,-1.472,0.5,0.463,"water-mediated","neutral","1vxa"
113,116,"A","A",0.999,0,"H","H",-1.244,-1.472,0.5,-0.454,"short","neutral","1vxa"
113,117,"A","A",0.999,0,"H","S",-1.38,-1.472,0.5,-0.183,"short","neutral","1vxa"
114,116,"A","A",3.761,0,"V","H",-1.419,-1.472,0.5,-0.105,"long","neutral","1vxa"
114,117,"A","A",3.761,0,"V","S",-1.151,-1.472,0.5,-0.641,"short","neutral","1vxa"
114,118,"A","A",3.761,0.007,"V","R",-1.241,-1.472,0.5,-0.461,"short","neutral","1vxa"
114,119,"A","A",3.761,1.992,"V","H",-1.88,-1.472,0.5,0.816,"long","minimally","1vxa"
115,117,"A","A",1.017,0,"L","S",-1.549,-1.472,0.5,0.154,"water-mediated","neutral","1vxa"
115,118,"A","A",1.017,0.007,"L","R",-1.078,-1.472,0.5,-0.788,"short","neutral","1vxa"
115,119,"A","A",1.017,1.992,"L","H",-1.788,-1.472,0.5,0.632,"short","neutral","1vxa"
115,120,"A","A",1.017,0,"L","P",-1.379,-1.472,0.5,-0.186,"water-mediated","neutral","1vxa"
115,122,"A","A",1.017,2.874,"L","D",-1.512,-1.472,0.5,0.081,"long","neutral","1vxa"
115,123,"A","A",1.017,0.998,"L","F",-2.357,-1.472,0.5,1.77,"short","minimally","1vxa"
115,124,"A","A",1.017,0,"L","G",-1.352,-1.472,0.5,-0.239,"water-mediated","neutral","1vxa"
115,127,"A","A",1.017,1.255,"L","A",-1.886,-1.472,0.5,0.829,"water-mediated","minimally","1vxa"
115,128,"A","A",1.017,0.654,"L","Q",-1.759,-1.472,0.5,0.574,"water-mediated","neutral","1vxa"
115,131,"A","A",1.017,1.789,"L","M",-1.882,-1.472,0.5,0.821,"water-mediated","minimally","1vxa"
116,118,"A","A",0,0.007,"H","R",-1.267,-1.472,0.5,-0.41,"water-mediated","neutral","1vxa"
116,119,"A","A",0,1.992,"H","H",-2.145,-1.472,0.5,1.347,"water-mediated","minimally","1vxa"
116,120,"A","A",0,0,"H","P",-0.389,-1.472,0.5,-2.164,"short","highly","1vxa"
116,121,"A","A",0,0,"H","G",-1.171,-1.472,0.5,-0.602,"water-mediated","neutral","1vxa"
116,123,"A","A",0,0.998,"H","F",-1.638,-1.472,0.5,0.332,"short","neutral","1vxa"
116,124,"A","A",0,0,"H","G",-1.214,-1.472,0.5,-0.515,"water-mediated","neutral","1vxa"
116,127,"A","A",0,1.255,"H","A",-1.145,-1.472,0.5,-0.653,"water-mediated","neutral","1vxa"
116,128,"A","A",0,0.654,"H","Q",-1.929,-1.472,0.5,0.914,"water-mediated","minimally","1vxa"
117,119,"A","A",0,1.992,"S","H",-1.527,-1.472,0.5,0.111,"water-mediated","neutral","1vxa"
117,120,"A","A",0,0,"S","P",-1.474,-1.472,0.5,0.004,"water-mediated","neutral","1vxa"
117,123,"A","A",0,0.998,"S","F",-1.413,-1.472,0.5,-0.118,"water-mediated","neutral","1vxa"
118,120,"A","A",0.007,0,"R","P",-1.395,-1.472,0.5,-0.153,"water-mediated","neutral","1vxa"
118,122,"A","A",0.007,2.874,"R","D",-1.434,-1.472,0.5,-0.075,"long","neutral","1vxa"
118,123,"A","A",0.007,0.998,"R","F",-1.178,-1.472,0.5,-0.586,"water-mediated","neutral","1vxa"
119,121,"A","A",1.992,0,"H","G",-0.973,-1.472,0.5,-0.998,"short","neutral","1vxa"
119,122,"A","A",1.992,2.874,"H","D",-1.806,-1.472,0.5,0.668,"short","neutral","1vxa"
119,123,"A","A",1.992,0.998,"H","F",-2.069,-1.472,0.5,1.195,"short","minimally","1vxa"
119,124,"A","A",1.992,0,"H","G",-1.674,-1.472,0.5,0.404,"water-mediated","neutral","1vxa"
119,127,"A","A",1.992,1.255,"H","A",-1.599,-1.472,0.5,0.254,"water-mediated","neutral","1vxa"
120,122,"A","A",0,2.874,"P","D",-1.389,-1.472,0.5,-0.165,"long","neutral","1vxa"
120,123,"A","A",0,0.998,"P","F",-1.09,-1.472,0.5,-0.763,"short","neutral","1vxa"
120,124,"A","A",0,0,"P","G",-1.316,-1.472,0.5,-0.311,"water-mediated","neutral","1vxa"
121,123,"A","A",0,0.998,"G","F",-1.265,-1.472,0.5,-0.413,"short","neutral","1vxa"
121,124,"A","A",0,0,"G","G",-1.062,-1.472,0.5,-0.819,"water-mediated","neutral","1vxa"
121,127,"A","A",0,1.255,"G","A",-1.264,-1.472,0.5,-0.416,"water-mediated","neutral","1vxa"
122,124,"A","A",2.874,0,"D","G",-1.368,-1.472,0.5,-0.207,"long","neutral","1vxa"
122,127,"A","A",2.874,1.255,"D","A",-1.609,-1.472,0.5,0.274,"long","neutral","1vxa"
123,125,"A","A",0.998,0,"F","A",-1.533,-1.472,0.5,0.123,"water-mediated","neutral","1vxa"
123,126,"A","A",0.998,0.994,"F","D",-1.787,-1.472,0.5,0.631,"water-mediated","neutral","1vxa"
123,127,"A","A",0.998,1.255,"F","A",-2.191,-1.472,0.5,1.437,"short","minimally","1vxa"
123,128,"A","A",0.998,0.654,"F","Q",-1.417,-1.472,0.5,-0.109,"short","neutral","1vxa"
123,131,"A","A",0.998,1.789,"F","M",-1.929,-1.472,0.5,0.914,"water-mediated","minimally","1vxa"
124,126,"A","A",0,0.994,"G","D",-1.153,-1.472,0.5,-0.636,"short","neutral","1vxa"
124,127,"A","A",0,1.255,"G","A",-1.199,-1.472,0.5,-0.545,"short","neutral","1vxa"
124,128,"A","A",0,0.654,"G","Q",-1.051,-1.472,0.5,-0.842,"short","neutral","1vxa"
124,129,"A","A",0,0,"G","G",-0.859,-1.472,0.5,-1.226,"water-mediated","highly","1vxa"
125,127,"A","A",0,1.255,"A","A",-1.279,-1.472,0.5,-0.385,"water-mediated","neutral","1vxa"
125,128,"A","A",0,0.654,"A","Q",-1.126,-1.472,0.5,-0.691,"short","neutral","1vxa"
125,129,"A","A",0,0,"A","G",-0.843,-1.472,0.5,-1.257,"water-mediated","highly","1vxa"
126,128,"A","A",0.994,0.654,"D","Q",-2.232,-1.472,0.5,1.52,"water-mediated","minimally","1vxa"
126,129,"A","A",0.994,0,"D","G",-1.356,-1.472,0.5,-0.232,"short","neutral","1vxa"
126,130,"A","A",0.994,1.712,"D","A",-1.486,-1.472,0.5,0.029,"short","neutral","1vxa"
127,129,"A","A",1.255,0,"A","G",-1.259,-1.472,0.5,-0.424,"water-mediated","neutral","1vxa"
127,130,"A","A",1.255,1.712,"A","A",-2.399,-1.472,0.5,1.853,"short","minimally","1vxa"
127,131,"A","A",1.255,1.789,"A","M",-2.136,-1.472,0.5,1.327,"short","minimally","1vxa"
128,130,"A","A",0.654,1.712,"Q","A",-1.668,-1.472,0.5,0.393,"water-mediated","neutral","1vxa"
128,131,"A","A",0.654,1.789,"Q","M",-1.435,-1.472,0.5,-0.074,"short","neutral","1vxa"
128,132,"A","A",0.654,0.042,"Q","N",-1.388,-1.472,0.5,-0.167,"short","neutral","1vxa"
129,131,"A","A",0,1.789,"G","M",-1.417,-1.472,0.5,-0.109,"short","neutral","1vxa"
129,132,"A","A",0,0.042,"G","N",-0.967,-1.472,0.5,-1.009,"short","highly","1vxa"
129,133,"A","A",0,1.772,"G","K",-0.978,-1.472,0.5,-0.987,"short","neutral","1vxa"
129,134,"A","A",0,2.949,"G","A",-1.369,-1.472,0.5,-0.204,"long","neutral","1vxa"
130,132,"A","A",1.712,0.042,"A","N",-1.395,-1.472,0.5,-0.154,"water-mediated","neutral","1vxa"
130,133,"A","A",1.712,1.772,"A","K",-1.371,-1.472,0.5,-0.201,"short","neutral","1vxa"
130,134,"A","A",1.712,2.949,"A","A",-2.243,-1.472,0.5,1.542,"short","minimally","1vxa"
131,133,"A","A",1.789,1.772,"M","K",-1.857,-1.472,0.5,0.77,"water-mediated","neutral","1vxa"
131,134,"A","A",1.789,2.949,"M","A",-2.178,-1.472,0.5,1.411,"short","minimally","1vxa"
131,135,"A","A",1.789,0.163,"M","L",-2.257,-1.472,0.5,1.569,"short","minimally","1vxa"
132,134,"A","A",0.042,2.949,"N","A",-1.423,-1.472,0.5,-0.097,"long","neutral","1vxa"
132,135,"A","A",0.042,0.163,"N","L",-0.602,-1.472,0.5,-1.738,"short","highly","1vxa"
132,136,"A","A",0.042,0,"N","E",-0.508,-1.472,0.5,-1.926,"short","highly","1vxa"
133,135,"A","A",1.772,0.163,"K","L",-1.668,-1.472,0.5,0.393,"water-mediated","neutral","1vxa"
133,136,"A","A",1.772,0,"K","E",-1.597,-1.472,0.5,0.25,"short","neutral","1vxa"
133,137,"A","A",1.772,0.886,"K","L",-1.283,-1.472,0.5,-0.377,"short","neutral","1vxa"
134,136,"A","A",2.949,0,"A","E",-1.358,-1.472,0.5,-0.227,"long","neutral","1vxa"
134,137,"A","A",2.949,0.886,"A","L",-2.638,-1.472,0.5,2.331,"short","minimally","1vxa"
134,138,"A","A",2.949,0.954,"A","F",-2.088,-1.472,0.5,1.232,"long","minimally","1vxa"
135,137,"A","A",0.163,0.886,"L","L",-1.767,-1.472,0.5,0.591,"water-mediated","neutral","1vxa"
135,138,"A","A",0.163,0.954,"L","F",-2.218,-1.472,0.5,1.492,"short","minimally","1vxa"
135,139,"A","A",0.163,2.173,"L","R",-1.372,-1.472,0.5,-0.199,"short","neutral","1vxa"
136,138,"A","A",0,0.954,"E","F",-1.217,-1.472,0.5,-0.51,"water-mediated","neutral","1vxa"
136,139,"A","A",0,2.173,"E","R",-1.388,-1.472,0.5,-0.168,"short","neutral","1vxa"
136,140,"A","A",0,0,"E","K",-1.15,-1.472,0.5,-0.643,"short","neutral","1vxa"
137,139,"A","A",0.886,2.173,"L","R",-1.676,-1.472,0.5,0.409,"water-mediated","neutral","1vxa"
137,140,"A","A",0.886,0,"L","K",-0.613,-1.472,0.5,-1.717,"short","highly","1vxa"
137,141,"A","A",0.886,1.001,"L","D",-1.092,-1.472,0.5,-0.759,"short","neutral","1vxa"
138,140,"A","A",0.954,0,"F","K",-1.036,-1.472,0.5,-0.871,"water-mediated","neutral","1vxa"
138,141,"A","A",0.954,1.001,"F","D",-1.085,-1.472,0.5,-0.773,"short","neutral","1vxa"
138,142,"A","A",0.954,2.056,"F","I",-2.409,-1.472,0.5,1.873,"short","minimally","1vxa"
139,141,"A","A",2.173,1.001,"R","D",-2.91,-1.472,0.5,2.875,"water-mediated","minimally","1vxa"
139,142,"A","A",2.173,2.056,"R","I",-1.579,-1.472,0.5,0.215,"short","neutral","1vxa"
139,143,"A","A",2.173,0.999,"R","A",-1.511,-1.472,0.5,0.079,"short","neutral","1vxa"
140,142,"A","A",0,2.056,"K","I",-1.469,-1.472,0.5,-0.006,"water-mediated","neutral","1vxa"
140,143,"A","A",0,0.999,"K","A",-0.88,-1.472,0.5,-1.184,"short","highly","1vxa"
140,144,"A","A",0,0,"K","A",-0.953,-1.472,0.5,-1.037,"water-mediated","highly","1vxa"
141,143,"A","A",1.001,0.999,"D","A",-1.745,-1.472,0.5,0.545,"water-mediated","neutral","1vxa"
141,144,"A","A",1.001,0,"D","A",-0.993,-1.472,0.5,-0.957,"short","neutral","1vxa"
141,145,"A","A",1.001,0.856,"D","K",-2.751,-1.472,0.5,2.557,"water-mediated","minimally","1vxa"
142,144,"A","A",2.056,0,"I","A",-1.411,-1.472,0.5,-0.121,"water-mediated","neutral","1vxa"
142,145,"A","A",2.056,0.856,"I","K",-1.049,-1.472,0.5,-0.844,"short","neutral","1vxa"
142,146,"A","A",2.056,1.924,"I","Y",-2.367,-1.472,0.5,1.79,"short","minimally","1vxa"
142,153,"A","A",2.056,1.68,"I","G",-1.875,-1.472,0.5,0.806,"water-mediated","minimally","1vxa"
143,145,"A","A",0.999,0.856,"A","K",-1.899,-1.472,0.5,0.854,"water-mediated","minimally","1vxa"
143,146,"A","A",0.999,1.924,"A","Y",-1.785,-1.472,0.5,0.627,"short","neutral","1vxa"
143,147,"A","A",0.999,0,"A","K",-1.359,-1.472,0.5,-0.225,"water-mediated","neutral","1vxa"
143,151,"A","A",0.999,0.005,"A","Y",-1.338,-1.472,0.5,-0.267,"water-mediated","neutral","1vxa"
143,153,"A","A",0.999,1.68,"A","G",-1.731,-1.472,0.5,0.519,"water-mediated","neutral","1vxa"
144,146,"A","A",0,1.924,"A","Y",-1.394,-1.472,0.5,-0.156,"water-mediated","neutral","1vxa"
144,147,"A","A",0,0,"A","K",-0.46,-1.472,0.5,-2.022,"short","highly","1vxa"
144,148,"A","A",0,0,"A","E",-0.802,-1.472,0.5,-1.339,"water-mediated","highly","1vxa"
145,147,"A","A",0.856,0,"K","K",-1.891,-1.472,0.5,0.839,"water-mediated","minimally","1vxa"
145,148,"A","A",0.856,0,"K","E",-1.596,-1.472,0.5,0.248,"short","neutral","1vxa"
145,149,"A","A",0.856,1.482,"K","L",-1.162,-1.472,0.5,-0.619,"short","neutral","1vxa"
145,151,"A","A",0.856,0.005,"K","Y",-0.828,-1.472,0.5,-1.287,"water-mediated","highly","1vxa"
146,148,"A","A",1.924,0,"Y","E",-0.846,-1.472,0.5,-1.251,"water-mediated","highly","1vxa"
146,149,"A","A",1.924,1.482,"Y","L",-2.311,-1.472,0.5,1.678,"short","minimally","1vxa"
146,150,"A","A",1.924,0,"Y","G",-1.306,-1.472,0.5,-0.331,"water-mediated","neutral","1vxa"
146,151,"A","A",1.924,0.005,"Y","Y",-1.471,-1.472,0.5,-0.002,"short","neutral","1vxa"
146,152,"A","A",1.924,0,"Y","Q",-0.622,-1.472,0.5,-1.698,"water-mediated","highly","1vxa"
146,153,"A","A",1.924,1.68,"Y","G",-1.92,-1.472,0.5,0.896,"short","minimally","1vxa"
147,149,"A","A",0,1.482,"K","L",-1.344,-1.472,0.5,-0.256,"water-mediated","neutral","1vxa"
147,150,"A","A",0,0,"K","G",-0.647,-1.472,0.5,-1.649,"short","highly","1vxa"
147,151,"A","A",0,0.005,"K","Y",-0.337,-1.472,0.5,-2.268,"water-mediated","highly","1vxa"
147,152,"A","A",0,0,"K","Q",-1.413,-1.472,0.5,-0.117,"water-mediated","neutral","1vxa"
147,153,"A","A",0,1.68,"K","G",-1.7,-1.472,0.5,0.455,"water-mediated","neutral","1vxa"
148,150,"A","A",0,0,"E","G",-1.033,-1.472,0.5,-0.878,"water-mediated","neutral","1vxa"
148,151,"A","A",0,0.005,"E","Y",-0.438,-1.472,0.5,-2.067,"water-mediated","highly","1vxa"
149,151,"A","A",1.482,0.005,"L","Y",-1.9,-1.472,0.5,0.856,"short","minimally","1vxa"
150,152,"A","A",0,0,"G","Q",-1.061,-1.472,0.5,-0.821,"water-mediated","neutral","1vxa"
150,153,"A","A",0,1.68,"G","G",-1.33,-1.472,0.5,-0.283,"water-mediated","neutral","1vxa"
151,153,"A","A",0.005,1.68,"Y","G",-1.512,-1.472,0.5,0.08,"short","neutral","1vxa"
