index,original_input,processed_file,chain,residue,res_id,atom,x_ref,y_ref,z_ref
0,1d3s.pdb,1d3s.pdb,A,ALA,1,N,-11.436,13.633,8.102
1,1d3s.pdb,1d3s.pdb,A,ALA,1,CA,-10.783,14.079,6.873
2,1d3s.pdb,1d3s.pdb,A,ALA,1,C,-9.274,13.988,7.015
3,1d3s.pdb,1d3s.pdb,A,ALA,1,O,-8.733,14.097,8.116
4,1d3s.pdb,1d3s.pdb,A,ALA,1,CB,-11.191,15.504,6.529
5,1d3s.pdb,1d3s.pdb,A,CYS,2,N,-8.593,13.784,5.881
6,1d3s.pdb,1d3s.pdb,A,CYS,2,CA,-7.136,13.792,5.9
7,1d3s.pdb,1d3s.pdb,A,CYS,2,C,-6.624,15.217,6.03
8,1d3s.pdb,1d3s.pdb,A,CYS,2,O,-7.24,16.161,5.535
9,1d3s.pdb,1d3s.pdb,A,CYS,2,CB,-6.584,13.142,4.64
10,1d3s.pdb,1d3s.pdb,A,CYS,2,SG,-7.0,11.385,4.51
11,1d3s.pdb,1d3s.pdb,A,THR,3,N,-5.492,15.362,6.699
12,1d3s.pdb,1d3s.pdb,A,THR,3,CA,-4.942,16.673,7.028
13,1d3s.pdb,1d3s.pdb,A,THR,3,C,-3.516,16.881,6.549
14,1d3s.pdb,1d3s.pdb,A,THR,3,O,-3.015,18.009,6.636
15,1d3s.pdb,1d3s.pdb,A,THR,3,CB,-4.964,16.899,8.546
16,1d3s.pdb,1d3s.pdb,A,THR,3,OG1,-4.104,15.951,9.181
17,1d3s.pdb,1d3s.pdb,A,THR,3,CG2,-6.378,16.751,9.094
18,1d3s.pdb,1d3s.pdb,A,LYS,4,N,-2.849,15.834,6.058
19,1d3s.pdb,1d3s.pdb,A,LYS,4,CA,-1.415,15.896,5.801
20,1d3s.pdb,1d3s.pdb,A,LYS,4,C,-1.104,15.891,4.314
21,1d3s.pdb,1d3s.pdb,A,LYS,4,O,-1.729,15.171,3.531
22,1d3s.pdb,1d3s.pdb,A,LYS,4,CB,-0.698,14.722,6.471
23,1d3s.pdb,1d3s.pdb,A,LYS,4,CG,-0.921,14.634,7.974
24,1d3s.pdb,1d3s.pdb,A,LYS,4,CD,-0.366,15.846,8.705
25,1d3s.pdb,1d3s.pdb,A,LYS,4,CE,-0.522,15.692,10.211
26,1d3s.pdb,1d3s.pdb,A,LYS,4,NZ,0.022,16.861,10.957
27,1d3s.pdb,1d3s.pdb,A,ASN,5,N,-0.117,16.702,3.929
28,1d3s.pdb,1d3s.pdb,A,ASN,5,CA,0.489,16.663,2.603
29,1d3s.pdb,1d3s.pdb,A,ASN,5,C,1.852,16.001,2.766
30,1d3s.pdb,1d3s.pdb,A,ASN,5,O,2.862,16.669,2.991
31,1d3s.pdb,1d3s.pdb,A,ASN,5,CB,0.615,18.068,2.018
32,1d3s.pdb,1d3s.pdb,A,ASN,5,CG,1.241,18.072,0.637
33,1d3s.pdb,1d3s.pdb,A,ASN,5,OD1,1.271,17.047,-0.045
34,1d3s.pdb,1d3s.pdb,A,ASN,5,ND2,1.74,19.229,0.22
35,1d3s.pdb,1d3s.pdb,A,ALA,6,N,1.864,14.665,2.688
36,1d3s.pdb,1d3s.pdb,A,ALA,6,CA,3.08,13.911,2.958
37,1d3s.pdb,1d3s.pdb,A,ALA,6,C,4.133,14.197,1.895
38,1d3s.pdb,1d3s.pdb,A,ALA,6,O,3.825,14.312,0.705
39,1d3s.pdb,1d3s.pdb,A,ALA,6,CB,2.772,12.418,3.017
40,1d3s.pdb,1d3s.pdb,A,ILE,7,N,5.38,14.303,2.326
41,1d3s.pdb,1d3s.pdb,A,ILE,7,CA,6.492,14.627,1.441
42,1d3s.pdb,1d3s.pdb,A,ILE,7,C,7.162,13.337,0.986
43,1d3s.pdb,1d3s.pdb,A,ILE,7,O,7.563,12.508,1.807
44,1d3s.pdb,1d3s.pdb,A,ILE,7,CB,7.512,15.541,2.147
45,1d3s.pdb,1d3s.pdb,A,ILE,7,CG1,6.817,16.789,2.705
46,1d3s.pdb,1d3s.pdb,A,ILE,7,CG2,8.636,15.917,1.194
47,1d3s.pdb,1d3s.pdb,A,ILE,7,CD1,6.097,17.61,1.662
48,1d3s.pdb,1d3s.pdb,A,ALA,8,N,7.275,13.159,-0.333
49,1d3s.pdb,1d3s.pdb,A,ALA,8,CA,7.915,11.974,-0.881
50,1d3s.pdb,1d3s.pdb,A,ALA,8,C,9.42,12.005,-0.629
51,1d3s.pdb,1d3s.pdb,A,ALA,8,O,10.035,13.069,-0.511
52,1d3s.pdb,1d3s.pdb,A,ALA,8,CB,7.631,11.862,-2.375
53,1d3s.pdb,1d3s.pdb,A,GLN,9,N,10.011,10.812,-0.562
54,1d3s.pdb,1d3s.pdb,A,GLN,9,CA,11.445,10.674,-0.337
55,1d3s.pdb,1d3s.pdb,A,GLN,9,C,12.247,11.379,-1.425
56,1d3s.pdb,1d3s.pdb,A,GLN,9,O,11.99,11.197,-2.62
57,1d3s.pdb,1d3s.pdb,A,GLN,9,CB,11.827,9.195,-0.306
58,1d3s.pdb,1d3s.pdb,A,GLN,9,CG,13.304,8.936,-0.047
59,1d3s.pdb,1d3s.pdb,A,GLN,9,CD,13.658,7.47,-0.152
60,1d3s.pdb,1d3s.pdb,A,GLN,9,OE1,13.138,6.755,-1.015
61,1d3s.pdb,1d3s.pdb,A,GLN,9,NE2,14.544,6.998,0.72
62,1d3s.pdb,1d3s.pdb,A,THR,10,N,13.224,12.175,-1.01
63,1d3s.pdb,1d3s.pdb,A,THR,10,CA,14.16,12.759,-1.962
64,1d3s.pdb,1d3s.pdb,A,THR,10,C,14.94,11.645,-2.647
65,1d3s.pdb,1d3s.pdb,A,THR,10,O,15.52,10.782,-1.983
66,1d3s.pdb,1d3s.pdb,A,THR,10,CB,15.12,13.719,-1.255
67,1d3s.pdb,1d3s.pdb,A,THR,10,OG1,14.365,14.763,-0.628
68,1d3s.pdb,1d3s.pdb,A,THR,10,CG2,16.104,14.323,-2.244
69,1d3s.pdb,1d3s.pdb,A,GLY,11,N,14.933,11.639,-3.977
70,1d3s.pdb,1d3s.pdb,A,GLY,11,CA,15.64,10.61,-4.716
71,1d3s.pdb,1d3s.pdb,A,GLY,11,C,14.972,9.248,-4.696
72,1d3s.pdb,1d3s.pdb,A,GLY,11,O,15.653,8.234,-4.882
73,1d3s.pdb,1d3s.pdb,A,PHE,12,N,13.656,9.207,-4.475
74,1d3s.pdb,1d3s.pdb,A,PHE,12,CA,12.912,7.947,-4.456
75,1d3s.pdb,1d3s.pdb,A,PHE,12,C,13.231,7.101,-5.689
76,1d3s.pdb,1d3s.pdb,A,PHE,12,O,13.202,7.597,-6.823
77,1d3s.pdb,1d3s.pdb,A,PHE,12,CB,11.413,8.237,-4.397
78,1d3s.pdb,1d3s.pdb,A,PHE,12,CG,10.538,7.021,-4.535
79,1d3s.pdb,1d3s.pdb,A,PHE,12,CD1,10.632,5.97,-3.639
80,1d3s.pdb,1d3s.pdb,A,PHE,12,CD2,9.607,6.939,-5.56
81,1d3s.pdb,1d3s.pdb,A,PHE,12,CE1,9.819,4.854,-3.766
82,1d3s.pdb,1d3s.pdb,A,PHE,12,CE2,8.787,5.831,-5.689
83,1d3s.pdb,1d3s.pdb,A,PHE,12,CZ,8.895,4.787,-4.792
84,1d3s.pdb,1d3s.pdb,A,ASN,13,N,13.522,5.818,-5.462
85,1d3s.pdb,1d3s.pdb,A,ASN,13,CA,13.844,4.888,-6.545
86,1d3s.pdb,1d3s.pdb,A,ASN,13,C,12.594,4.085,-6.881
87,1d3s.pdb,1d3s.pdb,A,ASN,13,O,12.302,3.06,-6.254
88,1d3s.pdb,1d3s.pdb,A,ASN,13,CB,15.001,3.976,-6.139
89,1d3s.pdb,1d3s.pdb,A,ASN,13,CG,15.529,3.154,-7.296
90,1d3s.pdb,1d3s.pdb,A,ASN,13,OD1,14.776,2.749,-8.181
91,1d3s.pdb,1d3s.pdb,A,ASN,13,ND2,16.834,2.902,-7.297
92,1d3s.pdb,1d3s.pdb,A,LYS,14,N,11.843,4.56,-7.877
93,1d3s.pdb,1d3s.pdb,A,LYS,14,CA,10.548,3.958,-8.176
94,1d3s.pdb,1d3s.pdb,A,LYS,14,C,10.681,2.538,-8.71
95,1d3s.pdb,1d3s.pdb,A,LYS,14,O,9.82,1.698,-8.432
96,1d3s.pdb,1d3s.pdb,A,LYS,14,CB,9.766,4.834,-9.159
97,1d3s.pdb,1d3s.pdb,A,LYS,14,CG,10.385,4.953,-10.543
98,1d3s.pdb,1d3s.pdb,A,LYS,14,CD,9.531,5.833,-11.45
99,1d3s.pdb,1d3s.pdb,A,LYS,14,CE,10.175,6.0,-12.822
100,1d3s.pdb,1d3s.pdb,A,LYS,14,NZ,10.295,4.711,-13.559
101,1d3s.pdb,1d3s.pdb,A,ASP,15,N,11.728,2.239,-9.458
102,1d3s.pdb,1d3s.pdb,A,ASP,15,CA,11.856,0.903,-10.034
103,1d3s.pdb,1d3s.pdb,A,ASP,15,C,12.182,-0.14,-8.972
104,1d3s.pdb,1d3s.pdb,A,ASP,15,O,11.755,-1.294,-9.085
105,1d3s.pdb,1d3s.pdb,A,ASP,15,CB,12.921,0.897,-11.133
106,1d3s.pdb,1d3s.pdb,A,ASP,15,CG,12.493,1.673,-12.368
107,1d3s.pdb,1d3s.pdb,A,ASP,15,OD1,11.28,1.902,-12.545
108,1d3s.pdb,1d3s.pdb,A,ASP,15,OD2,13.379,2.047,-13.161
109,1d3s.pdb,1d3s.pdb,A,LYS,16,N,12.923,0.237,-7.928
110,1d3s.pdb,1d3s.pdb,A,LYS,16,CA,13.196,-0.697,-6.839
111,1d3s.pdb,1d3s.pdb,A,LYS,16,C,11.96,-0.92,-5.979
112,1d3s.pdb,1d3s.pdb,A,LYS,16,O,11.702,-2.043,-5.533
113,1d3s.pdb,1d3s.pdb,A,LYS,16,CB,14.357,-0.197,-5.979
114,1d3s.pdb,1d3s.pdb,A,LYS,16,CG,15.722,-0.378,-6.623
115,1d3s.pdb,1d3s.pdb,A,LYS,16,CD,16.84,-0.082,-5.635
116,1d3s.pdb,1d3s.pdb,A,LYS,16,CE,18.206,-0.345,-6.248
117,1d3s.pdb,1d3s.pdb,A,LYS,16,NZ,19.306,-0.093,-5.282
118,1d3s.pdb,1d3s.pdb,A,TYR,17,N,11.176,0.14,-5.714
119,1d3s.pdb,1d3s.pdb,A,TYR,17,CA,9.963,-0.01,-4.915
120,1d3s.pdb,1d3s.pdb,A,TYR,17,C,8.895,-0.791,-5.677
121,1d3s.pdb,1d3s.pdb,A,TYR,17,O,8.273,-1.707,-5.128
122,1d3s.pdb,1d3s.pdb,A,TYR,17,CB,9.427,1.36,-4.498
123,1d3s.pdb,1d3s.pdb,A,TYR,17,CG,8.2,1.246,-3.619
124,1d3s.pdb,1d3s.pdb,A,TYR,17,CD1,8.32,1.114,-2.241
125,1d3s.pdb,1d3s.pdb,A,TYR,17,CD2,6.93,1.236,-4.17
126,1d3s.pdb,1d3s.pdb,A,TYR,17,CE1,7.206,0.98,-1.438
127,1d3s.pdb,1d3s.pdb,A,TYR,17,CE2,5.808,1.096,-3.371
128,1d3s.pdb,1d3s.pdb,A,TYR,17,CZ,5.951,0.969,-2.007
129,1d3s.pdb,1d3s.pdb,A,TYR,17,OH,4.843,0.831,-1.209
130,1d3s.pdb,1d3s.pdb,A,PHE,18,N,8.674,-0.446,-6.944
131,1d3s.pdb,1d3s.pdb,A,PHE,18,CA,7.661,-1.066,-7.794
132,1d3s.pdb,1d3s.pdb,A,PHE,18,C,8.291,-2.202,-8.601
133,1d3s.pdb,1d3s.pdb,A,PHE,18,O,8.262,-2.205,-9.836
134,1d3s.pdb,1d3s.pdb,A,PHE,18,CB,7.022,-0.019,-8.713
135,1d3s.pdb,1d3s.pdb,A,PHE,18,CG,6.174,1.002,-8.003
136,1d3s.pdb,1d3s.pdb,A,PHE,18,CD1,4.879,0.7,-7.614
137,1d3s.pdb,1d3s.pdb,A,PHE,18,CD2,6.668,2.268,-7.736
138,1d3s.pdb,1d3s.pdb,A,PHE,18,CE1,4.09,1.641,-6.968
139,1d3s.pdb,1d3s.pdb,A,PHE,18,CE2,5.884,3.215,-7.087
140,1d3s.pdb,1d3s.pdb,A,PHE,18,CZ,4.594,2.899,-6.704
141,1d3s.pdb,1d3s.pdb,A,ASN,19,N,8.849,-3.184,-7.9
142,1d3s.pdb,1d3s.pdb,A,ASN,19,CA,9.574,-4.269,-8.555
143,1d3s.pdb,1d3s.pdb,A,ASN,19,C,8.762,-5.559,-8.67
144,1d3s.pdb,1d3s.pdb,A,ASN,19,O,9.303,-6.584,-9.091
145,1d3s.pdb,1d3s.pdb,A,ASN,19,CB,10.905,-4.536,-7.839
146,1d3s.pdb,1d3s.pdb,A,ASN,19,CG,10.728,-5.181,-6.478
147,1d3s.pdb,1d3s.pdb,A,ASN,19,OD1,9.616,-5.285,-5.956
148,1d3s.pdb,1d3s.pdb,A,ASN,19,ND2,11.837,-5.627,-5.893
149,1d3s.pdb,1d3s.pdb,A,GLY,20,N,7.465,-5.515,-8.308
150,1d3s.pdb,1d3s.pdb,A,GLY,20,CA,6.601,-6.681,-8.407
151,1d3s.pdb,1d3s.pdb,A,GLY,20,C,6.578,-7.573,-7.185
152,1d3s.pdb,1d3s.pdb,A,GLY,20,O,5.841,-8.569,-7.176
153,1d3s.pdb,1d3s.pdb,A,ASP,21,N,7.35,-7.244,-6.154
154,1d3s.pdb,1d3s.pdb,A,ASP,21,CA,7.42,-8.058,-4.948
155,1d3s.pdb,1d3s.pdb,A,ASP,21,C,6.442,-7.536,-3.893
156,1d3s.pdb,1d3s.pdb,A,ASP,21,O,5.784,-6.501,-4.074
157,1d3s.pdb,1d3s.pdb,A,ASP,21,CB,8.852,-8.079,-4.408
158,1d3s.pdb,1d3s.pdb,A,ASP,21,CG,9.195,-9.372,-3.682
159,1d3s.pdb,1d3s.pdb,A,ASP,21,OD1,8.272,-10.141,-3.334
160,1d3s.pdb,1d3s.pdb,A,ASP,21,OD2,10.4,-9.621,-3.461
161,1d3s.pdb,1d3s.pdb,A,VAL,22,N,6.348,-8.266,-2.778
162,1d3s.pdb,1d3s.pdb,A,VAL,22,CA,5.391,-7.994,-1.712
163,1d3s.pdb,1d3s.pdb,A,VAL,22,C,6.023,-7.123,-0.629
164,1d3s.pdb,1d3s.pdb,A,VAL,22,O,7.196,-7.291,-0.276
165,1d3s.pdb,1d3s.pdb,A,VAL,22,CB,4.872,-9.313,-1.107
166,1d3s.pdb,1d3s.pdb,A,VAL,22,CG1,4.007,-9.064,0.127
167,1d3s.pdb,1d3s.pdb,A,VAL,22,CG2,4.081,-10.082,-2.159
168,1d3s.pdb,1d3s.pdb,A,TRP,23,N,5.224,-6.183,-0.104
169,1d3s.pdb,1d3s.pdb,A,TRP,23,CA,5.522,-5.408,1.095
170,1d3s.pdb,1d3s.pdb,A,TRP,23,C,4.513,-5.782,2.172
171,1d3s.pdb,1d3s.pdb,A,TRP,23,O,3.306,-5.794,1.914
172,1d3s.pdb,1d3s.pdb,A,TRP,23,CB,5.397,-3.909,0.822
173,1d3s.pdb,1d3s.pdb,A,TRP,23,CG,6.469,-3.259,-0.005
174,1d3s.pdb,1d3s.pdb,A,TRP,23,CD1,6.353,-2.794,-1.283
175,1d3s.pdb,1d3s.pdb,A,TRP,23,CD2,7.799,-2.93,0.417
176,1d3s.pdb,1d3s.pdb,A,TRP,23,NE1,7.524,-2.2,-1.684
177,1d3s.pdb,1d3s.pdb,A,TRP,23,CE2,8.431,-2.265,-0.66
178,1d3s.pdb,1d3s.pdb,A,TRP,23,CE3,8.519,-3.127,1.599
179,1d3s.pdb,1d3s.pdb,A,TRP,23,CZ2,9.745,-1.803,-0.584
180,1d3s.pdb,1d3s.pdb,A,TRP,23,CZ3,9.826,-2.665,1.672
181,1d3s.pdb,1d3s.pdb,A,TRP,23,CH2,10.428,-2.012,0.586
182,1d3s.pdb,1d3s.pdb,A,TYR,24,N,4.985,-6.038,3.396
183,1d3s.pdb,1d3s.pdb,A,TYR,24,CA,4.111,-6.31,4.535
184,1d3s.pdb,1d3s.pdb,A,TYR,24,C,4.023,-5.084,5.426
185,1d3s.pdb,1d3s.pdb,A,TYR,24,O,5.034,-4.429,5.69
186,1d3s.pdb,1d3s.pdb,A,TYR,24,CB,4.637,-7.48,5.36
187,1d3s.pdb,1d3s.pdb,A,TYR,24,CG,4.885,-8.728,4.55
188,1d3s.pdb,1d3s.pdb,A,TYR,24,CD1,3.853,-9.61,4.264
189,1d3s.pdb,1d3s.pdb,A,TYR,24,CD2,6.152,-9.017,4.064
190,1d3s.pdb,1d3s.pdb,A,TYR,24,CE1,4.078,-10.752,3.516
191,1d3s.pdb,1d3s.pdb,A,TYR,24,CE2,6.385,-10.156,3.312
192,1d3s.pdb,1d3s.pdb,A,TYR,24,CZ,5.346,-11.021,3.044
193,1d3s.pdb,1d3s.pdb,A,TYR,24,OH,5.576,-12.151,2.305
194,1d3s.pdb,1d3s.pdb,A,VAL,25,N,2.808,-4.78,5.916
195,1d3s.pdb,1d3s.pdb,A,VAL,25,CA,2.642,-3.741,6.925
196,1d3s.pdb,1d3s.pdb,A,VAL,25,C,3.032,-4.336,8.273
197,1d3s.pdb,1d3s.pdb,A,VAL,25,O,2.403,-5.287,8.745
198,1d3s.pdb,1d3s.pdb,A,VAL,25,CB,1.198,-3.214,6.96
199,1d3s.pdb,1d3s.pdb,A,VAL,25,CG1,1.026,-2.21,8.1
200,1d3s.pdb,1d3s.pdb,A,VAL,25,CG2,0.828,-2.581,5.628
201,1d3s.pdb,1d3s.pdb,A,THR,26,N,4.075,-3.783,8.897
202,1d3s.pdb,1d3s.pdb,A,THR,26,CA,4.495,-4.25,10.216
203,1d3s.pdb,1d3s.pdb,A,THR,26,C,3.973,-3.369,11.339
204,1d3s.pdb,1d3s.pdb,A,THR,26,O,3.8,-3.857,12.459
205,1d3s.pdb,1d3s.pdb,A,THR,26,CB,6.024,-4.328,10.309
206,1d3s.pdb,1d3s.pdb,A,THR,26,OG1,6.595,-3.039,10.06
207,1d3s.pdb,1d3s.pdb,A,THR,26,CG2,6.569,-5.331,9.297
208,1d3s.pdb,1d3s.pdb,A,ASP,27,N,3.729,-2.077,11.064
209,1d3s.pdb,1d3s.pdb,A,ASP,27,CA,3.25,-1.124,12.058
210,1d3s.pdb,1d3s.pdb,A,ASP,27,C,2.449,-0.055,11.33
211,1d3s.pdb,1d3s.pdb,A,ASP,27,O,2.74,0.271,10.175
212,1d3s.pdb,1d3s.pdb,A,ASP,27,CB,4.407,-0.455,12.819
213,1d3s.pdb,1d3s.pdb,A,ASP,27,CG,5.399,-1.443,13.398
214,1d3s.pdb,1d3s.pdb,A,ASP,27,OD1,6.29,-1.895,12.644
215,1d3s.pdb,1d3s.pdb,A,ASP,27,OD2,5.298,-1.748,14.603
216,1d3s.pdb,1d3s.pdb,A,TYR,28,N,1.428,0.521,12.001
217,1d3s.pdb,1d3s.pdb,A,TYR,28,CA,0.614,1.555,11.367
218,1d3s.pdb,1d3s.pdb,A,TYR,28,C,0.147,2.576,12.389
219,1d3s.pdb,1d3s.pdb,A,TYR,28,O,0.054,2.294,13.587
220,1d3s.pdb,1d3s.pdb,A,TYR,28,CB,-0.596,0.951,10.627
221,1d3s.pdb,1d3s.pdb,A,TYR,28,CG,-1.56,0.19,11.517
222,1d3s.pdb,1d3s.pdb,A,TYR,28,CD1,-1.311,-1.126,11.874
223,1d3s.pdb,1d3s.pdb,A,TYR,28,CD2,-2.728,0.78,11.981
224,1d3s.pdb,1d3s.pdb,A,TYR,28,CE1,-2.192,-1.831,12.678
225,1d3s.pdb,1d3s.pdb,A,TYR,28,CE2,-3.614,0.083,12.786
226,1d3s.pdb,1d3s.pdb,A,TYR,28,CZ,-3.342,-1.221,13.131
227,1d3s.pdb,1d3s.pdb,A,TYR,28,OH,-4.22,-1.914,13.927
228,1d3s.pdb,1d3s.pdb,A,LEU,29,N,-0.155,3.783,11.887
229,1d3s.pdb,1d3s.pdb,A,LEU,29,CA,-0.632,4.892,12.704
230,1d3s.pdb,1d3s.pdb,A,LEU,29,C,-1.739,5.601,11.947
231,1d3s.pdb,1d3s.pdb,A,LEU,29,O,-1.497,6.18,10.884
232,1d3s.pdb,1d3s.pdb,A,LEU,29,CB,0.498,5.877,13.013
233,1d3s.pdb,1d3s.pdb,A,LEU,29,CG,0.08,7.14,13.776
234,1d3s.pdb,1d3s.pdb,A,LEU,29,CD1,-0.383,6.789,15.181
235,1d3s.pdb,1d3s.pdb,A,LEU,29,CD2,1.221,8.148,13.816
236,1d3s.pdb,1d3s.pdb,A,ASP,30,N,-2.959,5.56,12.489
237,1d3s.pdb,1d3s.pdb,A,ASP,30,CA,-4.08,6.312,11.94
238,1d3s.pdb,1d3s.pdb,A,ASP,30,C,-4.276,7.548,12.806
239,1d3s.pdb,1d3s.pdb,A,ASP,30,O,-4.431,7.437,14.024
240,1d3s.pdb,1d3s.pdb,A,ASP,30,CB,-5.345,5.452,11.919
241,1d3s.pdb,1d3s.pdb,A,ASP,30,CG,-6.425,6.017,11.013
242,1d3s.pdb,1d3s.pdb,A,ASP,30,OD1,-6.641,7.246,11.026
243,1d3s.pdb,1d3s.pdb,A,ASP,30,OD2,-7.058,5.225,10.284
244,1d3s.pdb,1d3s.pdb,A,LEU,31,N,-4.251,8.736,12.179
245,1d3s.pdb,1d3s.pdb,A,LEU,31,CA,-4.425,9.963,12.951
246,1d3s.pdb,1d3s.pdb,A,LEU,31,C,-5.845,10.111,13.483
247,1d3s.pdb,1d3s.pdb,A,LEU,31,O,-6.079,10.921,14.387
248,1d3s.pdb,1d3s.pdb,A,LEU,31,CB,-4.038,11.184,12.118
249,1d3s.pdb,1d3s.pdb,A,LEU,31,CG,-2.571,11.259,11.685
250,1d3s.pdb,1d3s.pdb,A,LEU,31,CD1,-2.266,12.623,11.079
251,1d3s.pdb,1d3s.pdb,A,LEU,31,CD2,-1.627,10.968,12.842
252,1d3s.pdb,1d3s.pdb,A,GLU,32,N,-6.802,9.344,12.938
253,1d3s.pdb,1d3s.pdb,A,GLU,32,CA,-8.131,9.189,13.519
254,1d3s.pdb,1d3s.pdb,A,GLU,32,C,-8.278,7.709,13.864
255,1d3s.pdb,1d3s.pdb,A,GLU,32,O,-8.763,6.918,13.05
256,1d3s.pdb,1d3s.pdb,A,GLU,32,CB,-9.218,9.662,12.553
257,1d3s.pdb,1d3s.pdb,A,GLU,32,CG,-9.112,11.139,12.21
258,1d3s.pdb,1d3s.pdb,A,GLU,32,CD,-10.235,11.643,11.317
259,1d3s.pdb,1d3s.pdb,A,GLU,32,OE1,-11.285,10.979,11.218
260,1d3s.pdb,1d3s.pdb,A,GLU,32,OE2,-10.059,12.721,10.712
261,1d3s.pdb,1d3s.pdb,A,PRO,33,N,-7.831,7.302,15.07
262,1d3s.pdb,1d3s.pdb,A,PRO,33,CA,-7.636,5.872,15.366
263,1d3s.pdb,1d3s.pdb,A,PRO,33,C,-8.875,5.001,15.229
264,1d3s.pdb,1d3s.pdb,A,PRO,33,O,-8.742,3.784,15.07
265,1d3s.pdb,1d3s.pdb,A,PRO,33,CB,-7.134,5.886,16.815
266,1d3s.pdb,1d3s.pdb,A,PRO,33,CG,-6.49,7.22,16.97
267,1d3s.pdb,1d3s.pdb,A,PRO,33,CD,-7.321,8.16,16.147
268,1d3s.pdb,1d3s.pdb,A,ASP,34,N,-10.074,5.583,15.278
269,1d3s.pdb,1d3s.pdb,A,ASP,34,CA,-11.292,4.8,15.13
270,1d3s.pdb,1d3s.pdb,A,ASP,34,C,-11.569,4.408,13.682
271,1d3s.pdb,1d3s.pdb,A,ASP,34,O,-12.507,3.647,13.423
272,1d3s.pdb,1d3s.pdb,A,ASP,34,CB,-12.492,5.562,15.701
273,1d3s.pdb,1d3s.pdb,A,ASP,34,CG,-12.663,6.936,15.079
274,1d3s.pdb,1d3s.pdb,A,ASP,34,OD1,-11.65,7.635,14.873
275,1d3s.pdb,1d3s.pdb,A,ASP,34,OD2,-13.819,7.327,14.814
276,1d3s.pdb,1d3s.pdb,A,ASP,35,N,-10.771,4.903,12.73
277,1d3s.pdb,1d3s.pdb,A,ASP,35,CA,-11.006,4.613,11.321
278,1d3s.pdb,1d3s.pdb,A,ASP,35,C,-10.598,3.198,10.924
279,1d3s.pdb,1d3s.pdb,A,ASP,35,O,-11.103,2.673,9.928
280,1d3s.pdb,1d3s.pdb,A,ASP,35,CB,-10.258,5.617,10.439
281,1d3s.pdb,1d3s.pdb,A,ASP,35,CG,-10.94,6.968,10.358
282,1d3s.pdb,1d3s.pdb,A,ASP,35,OD1,-12.103,7.084,10.802
283,1d3s.pdb,1d3s.pdb,A,ASP,35,OD2,-10.32,7.912,9.832
284,1d3s.pdb,1d3s.pdb,A,VAL,36,N,-9.675,2.583,11.66
285,1d3s.pdb,1d3s.pdb,A,VAL,36,CA,-9.216,1.234,11.348
286,1d3s.pdb,1d3s.pdb,A,VAL,36,C,-9.231,0.389,12.618
287,1d3s.pdb,1d3s.pdb,A,VAL,36,O,-9.181,0.923,13.729
288,1d3s.pdb,1d3s.pdb,A,VAL,36,CB,-7.804,1.225,10.716
289,1d3s.pdb,1d3s.pdb,A,VAL,36,CG1,-7.816,1.948,9.379
290,1d3s.pdb,1d3s.pdb,A,VAL,36,CG2,-6.785,1.839,11.664
291,1d3s.pdb,1d3s.pdb,A,PRO,37,N,-9.301,-0.94,12.479
292,1d3s.pdb,1d3s.pdb,A,PRO,37,CA,-9.311,-1.808,13.663
293,1d3s.pdb,1d3s.pdb,A,PRO,37,C,-8.014,-1.712,14.455
294,1d3s.pdb,1d3s.pdb,A,PRO,37,O,-6.952,-1.408,13.91
295,1d3s.pdb,1d3s.pdb,A,PRO,37,CB,-9.484,-3.214,13.076
296,1d3s.pdb,1d3s.pdb,A,PRO,37,CG,-9.977,-3.013,11.686
297,1d3s.pdb,1d3s.pdb,A,PRO,37,CD,-9.429,-1.704,11.227
298,1d3s.pdb,1d3s.pdb,A,LYS,38,N,-8.109,-1.975,15.77
299,1d3s.pdb,1d3s.pdb,A,LYS,38,CA,-6.921,-2.002,16.615
300,1d3s.pdb,1d3s.pdb,A,LYS,38,C,-6.012,-3.177,16.283
301,1d3s.pdb,1d3s.pdb,A,LYS,38,O,-4.811,-3.127,16.564
302,1d3s.pdb,1d3s.pdb,A,LYS,38,CB,-7.318,-2.06,18.088
303,1d3s.pdb,1d3s.pdb,A,LYS,38,CG,-8.097,-0.865,18.586
304,1d3s.pdb,1d3s.pdb,A,LYS,38,CD,-8.281,-0.926,20.097
305,1d3s.pdb,1d3s.pdb,A,LYS,38,CE,-9.148,0.204,20.613
306,1d3s.pdb,1d3s.pdb,A,LYS,38,NZ,-10.58,-0.008,20.311
307,1d3s.pdb,1d3s.pdb,A,ARG,39,N,-6.567,-4.247,15.719
308,1d3s.pdb,1d3s.pdb,A,ARG,39,CA,-5.809,-5.423,15.304
309,1d3s.pdb,1d3s.pdb,A,ARG,39,C,-6.181,-5.75,13.869
310,1d3s.pdb,1d3s.pdb,A,ARG,39,O,-7.348,-6.024,13.576
311,1d3s.pdb,1d3s.pdb,A,ARG,39,CB,-6.115,-6.622,16.196
312,1d3s.pdb,1d3s.pdb,A,ARG,39,CG,-5.711,-6.465,17.65
313,1d3s.pdb,1d3s.pdb,A,ARG,39,CD,-6.026,-7.74,18.422
314,1d3s.pdb,1d3s.pdb,A,ARG,39,NE,-5.246,-8.875,17.936
315,1d3s.pdb,1d3s.pdb,A,ARG,39,CZ,-5.593,-10.153,18.079
316,1d3s.pdb,1d3s.pdb,A,ARG,39,NH1,-6.719,-10.472,18.697
317,1d3s.pdb,1d3s.pdb,A,ARG,39,NH2,-4.811,-11.108,17.6
318,1d3s.pdb,1d3s.pdb,A,TYR,40,N,-5.203,-5.713,12.963
319,1d3s.pdb,1d3s.pdb,A,TYR,40,CA,-5.455,-6.136,11.596
320,1d3s.pdb,1d3s.pdb,A,TYR,40,C,-4.148,-6.514,10.92
321,1d3s.pdb,1d3s.pdb,A,TYR,40,O,-3.061,-6.289,11.46
322,1d3s.pdb,1d3s.pdb,A,TYR,40,CB,-6.255,-5.081,10.807
323,1d3s.pdb,1d3s.pdb,A,TYR,40,CG,-5.476,-4.061,9.991
324,1d3s.pdb,1d3s.pdb,A,TYR,40,CD1,-4.414,-3.361,10.528
325,1d3s.pdb,1d3s.pdb,A,TYR,40,CD2,-5.847,-3.785,8.682
326,1d3s.pdb,1d3s.pdb,A,TYR,40,CE1,-3.727,-2.419,9.772
327,1d3s.pdb,1d3s.pdb,A,TYR,40,CE2,-5.175,-2.845,7.924
328,1d3s.pdb,1d3s.pdb,A,TYR,40,CZ,-4.112,-2.168,8.473
329,1d3s.pdb,1d3s.pdb,A,TYR,40,OH,-3.439,-1.24,7.723
330,1d3s.pdb,1d3s.pdb,A,CYS,41,N,-4.283,-7.142,9.763
331,1d3s.pdb,1d3s.pdb,A,CYS,41,CA,-3.172,-7.558,8.924
332,1d3s.pdb,1d3s.pdb,A,CYS,41,C,-3.335,-6.917,7.56
333,1d3s.pdb,1d3s.pdb,A,CYS,41,O,-4.442,-6.884,7.013
334,1d3s.pdb,1d3s.pdb,A,CYS,41,CB,-3.139,-9.074,8.767
335,1d3s.pdb,1d3s.pdb,A,CYS,41,SG,-3.077,-10.01,10.315
336,1d3s.pdb,1d3s.pdb,A,ALA,42,N,-2.241,-6.414,6.985
337,1d3s.pdb,1d3s.pdb,A,ALA,42,CA,-2.29,-5.823,5.656
338,1d3s.pdb,1d3s.pdb,A,ALA,42,C,-0.962,-6.034,4.953
339,1d3s.pdb,1d3s.pdb,A,ALA,42,O,0.101,-6.065,5.578
340,1d3s.pdb,1d3s.pdb,A,ALA,42,CB,-2.626,-4.334,5.715
341,1d3s.pdb,1d3s.pdb,A,ALA,43,N,-1.041,-6.177,3.635
342,1d3s.pdb,1d3s.pdb,A,ALA,43,CA,0.138,-6.322,2.796
343,1d3s.pdb,1d3s.pdb,A,ALA,43,C,-0.218,-5.834,1.405
344,1d3s.pdb,1d3s.pdb,A,ALA,43,O,-1.394,-5.667,1.062
345,1d3s.pdb,1d3s.pdb,A,ALA,43,CB,0.62,-7.774,2.753
346,1d3s.pdb,1d3s.pdb,A,LEU,44,N,0.798,-5.598,0.594
347,1d3s.pdb,1d3s.pdb,A,LEU,44,CA,0.575,-5.166,-0.774
348,1d3s.pdb,1d3s.pdb,A,LEU,44,C,1.683,-5.679,-1.669
349,1d3s.pdb,1d3s.pdb,A,LEU,44,O,2.788,-5.969,-1.214
350,1d3s.pdb,1d3s.pdb,A,LEU,44,CB,0.492,-3.633,-0.867
351,1d3s.pdb,1d3s.pdb,A,LEU,44,CG,1.76,-2.866,-0.493
352,1d3s.pdb,1d3s.pdb,A,LEU,44,CD1,2.314,-2.118,-1.696
353,1d3s.pdb,1d3s.pdb,A,LEU,44,CD2,1.51,-1.915,0.662
354,1d3s.pdb,1d3s.pdb,A,ALA,45,N,1.368,-5.802,-2.954
355,1d3s.pdb,1d3s.pdb,A,ALA,45,CA,2.378,-5.949,-3.989
356,1d3s.pdb,1d3s.pdb,A,ALA,45,C,2.348,-4.69,-4.837
357,1d3s.pdb,1d3s.pdb,A,ALA,45,O,1.292,-4.082,-5.025
358,1d3s.pdb,1d3s.pdb,A,ALA,45,CB,2.131,-7.186,-4.845
359,1d3s.pdb,1d3s.pdb,A,ALA,46,N,3.501,-4.275,-5.336
360,1d3s.pdb,1d3s.pdb,A,ALA,46,CA,3.63,-3.046,-6.105
361,1d3s.pdb,1d3s.pdb,A,ALA,46,C,4.572,-3.308,-7.264
362,1d3s.pdb,1d3s.pdb,A,ALA,46,O,5.694,-3.783,-7.066
363,1d3s.pdb,1d3s.pdb,A,ALA,46,CB,4.155,-1.905,-5.226
364,1d3s.pdb,1d3s.pdb,A,GLY,47,N,4.118,-3.0,-8.481
365,1d3s.pdb,1d3s.pdb,A,GLY,47,CA,4.943,-3.263,-9.641
366,1d3s.pdb,1d3s.pdb,A,GLY,47,C,4.348,-2.687,-10.902
367,1d3s.pdb,1d3s.pdb,A,GLY,47,O,3.265,-2.102,-10.898
368,1d3s.pdb,1d3s.pdb,A,THR,48,N,5.073,-2.854,-11.996
369,1d3s.pdb,1d3s.pdb,A,THR,48,CA,4.612,-2.46,-13.319
370,1d3s.pdb,1d3s.pdb,A,THR,48,C,4.174,-3.712,-14.061
371,1d3s.pdb,1d3s.pdb,A,THR,48,O,4.916,-4.697,-14.121
372,1d3s.pdb,1d3s.pdb,A,THR,48,CB,5.715,-1.731,-14.087
373,1d3s.pdb,1d3s.pdb,A,THR,48,OG1,6.107,-0.561,-13.354
374,1d3s.pdb,1d3s.pdb,A,THR,48,CG2,5.223,-1.313,-15.463
375,1d3s.pdb,1d3s.pdb,A,ALA,49,N,2.953,-3.687,-14.607
376,1d3s.pdb,1d3s.pdb,A,ALA,49,CA,2.396,-4.816,-15.34
377,1d3s.pdb,1d3s.pdb,A,ALA,49,C,1.962,-4.328,-16.712
378,1d3s.pdb,1d3s.pdb,A,ALA,49,O,1.067,-3.492,-16.82
379,1d3s.pdb,1d3s.pdb,A,ALA,49,CB,1.223,-5.433,-14.586
380,1d3s.pdb,1d3s.pdb,A,SER,50,N,2.596,-4.844,-17.765
381,1d3s.pdb,1d3s.pdb,A,SER,50,CA,2.308,-4.438,-19.139
382,1d3s.pdb,1d3s.pdb,A,SER,50,C,2.356,-2.92,-19.293
383,1d3s.pdb,1d3s.pdb,A,SER,50,O,1.495,-2.313,-19.937
384,1d3s.pdb,1d3s.pdb,A,SER,50,CB,0.958,-4.99,-19.598
385,1d3s.pdb,1d3s.pdb,A,SER,50,OG,0.958,-6.407,-19.579
386,1d3s.pdb,1d3s.pdb,A,GLY,51,N,3.356,-2.303,-18.679
387,1d3s.pdb,1d3s.pdb,A,GLY,51,CA,3.572,-0.874,-18.787
388,1d3s.pdb,1d3s.pdb,A,GLY,51,C,2.737,-0.01,-17.866
389,1d3s.pdb,1d3s.pdb,A,GLY,51,O,2.877,1.218,-17.902
390,1d3s.pdb,1d3s.pdb,A,LYS,52,N,1.869,-0.613,-17.039
391,1d3s.pdb,1d3s.pdb,A,LYS,52,CA,0.994,0.131,-16.143
392,1d3s.pdb,1d3s.pdb,A,LYS,52,C,1.455,-0.032,-14.702
393,1d3s.pdb,1d3s.pdb,A,LYS,52,O,1.771,-1.14,-14.258
394,1d3s.pdb,1d3s.pdb,A,LYS,52,CB,-0.453,-0.336,-16.286
395,1d3s.pdb,1d3s.pdb,A,LYS,52,CG,-1.036,-0.089,-17.668
396,1d3s.pdb,1d3s.pdb,A,LYS,52,CD,-2.503,-0.484,-17.736
397,1d3s.pdb,1d3s.pdb,A,LYS,52,CE,-3.102,-0.146,-19.088
398,1d3s.pdb,1d3s.pdb,A,LYS,52,NZ,-4.56,-0.433,-19.142
399,1d3s.pdb,1d3s.pdb,A,LEU,53,N,1.485,1.077,-13.954
400,1d3s.pdb,1d3s.pdb,A,LEU,53,CA,1.895,1.066,-12.557
401,1d3s.pdb,1d3s.pdb,A,LEU,53,C,0.734,0.58,-11.702
402,1d3s.pdb,1d3s.pdb,A,LEU,53,O,-0.347,1.176,-11.71
403,1d3s.pdb,1d3s.pdb,A,LEU,53,CB,2.336,2.466,-12.134
404,1d3s.pdb,1d3s.pdb,A,LEU,53,CG,3.172,2.573,-10.859
405,1d3s.pdb,1d3s.pdb,A,LEU,53,CD1,4.517,1.892,-11.053
406,1d3s.pdb,1d3s.pdb,A,LEU,53,CD2,3.357,4.034,-10.481
407,1d3s.pdb,1d3s.pdb,A,LYS,54,N,0.944,-0.518,-10.945
408,1d3s.pdb,1d3s.pdb,A,LYS,54,CA,-0.142,-1.206,-10.246
409,1d3s.pdb,1d3s.pdb,A,LYS,54,C,0.193,-1.439,-8.78
410,1d3s.pdb,1d3s.pdb,A,LYS,54,O,1.356,-1.588,-8.398
411,1d3s.pdb,1d3s.pdb,A,LYS,54,CB,-0.424,-2.569,-10.898
412,1d3s.pdb,1d3s.pdb,A,LYS,54,CG,-0.735,-2.518,-12.392
413,1d3s.pdb,1d3s.pdb,A,LYS,54,CD,-2.091,-1.897,-12.676
414,1d3s.pdb,1d3s.pdb,A,LYS,54,CE,-3.247,-2.81,-12.269
415,1d3s.pdb,1d3s.pdb,A,LYS,54,NZ,-3.301,-4.068,-13.061
416,1d3s.pdb,1d3s.pdb,A,GLU,55,N,-0.876,-1.512,-7.962
417,1d3s.pdb,1d3s.pdb,A,GLU,55,CA,-0.796,-2.034,-6.604
418,1d3s.pdb,1d3s.pdb,A,GLU,55,C,-1.911,-3.038,-6.396
419,1d3s.pdb,1d3s.pdb,A,GLU,55,O,-3.027,-2.863,-6.901
420,1d3s.pdb,1d3s.pdb,A,GLU,55,CB,-0.912,-0.935,-5.548
421,1d3s.pdb,1d3s.pdb,A,GLU,55,CG,0.373,-0.176,-5.308
422,1d3s.pdb,1d3s.pdb,A,GLU,55,CD,0.278,0.795,-4.145
423,1d3s.pdb,1d3s.pdb,A,GLU,55,OE1,-0.843,1.209,-3.784
424,1d3s.pdb,1d3s.pdb,A,GLU,55,OE2,1.341,1.142,-3.59
425,1d3s.pdb,1d3s.pdb,A,ALA,56,N,-1.609,-4.103,-5.651
426,1d3s.pdb,1d3s.pdb,A,ALA,56,CA,-2.599,-5.049,-5.157
427,1d3s.pdb,1d3s.pdb,A,ALA,56,C,-2.531,-5.019,-3.641
428,1d3s.pdb,1d3s.pdb,A,ALA,56,O,-1.443,-5.139,-3.07
429,1d3s.pdb,1d3s.pdb,A,ALA,56,CB,-2.326,-6.456,-5.681
430,1d3s.pdb,1d3s.pdb,A,LEU,57,N,-3.684,-4.844,-2.986
431,1d3s.pdb,1d3s.pdb,A,LEU,57,CA,-3.758,-4.71,-1.538
432,1d3s.pdb,1d3s.pdb,A,LEU,57,C,-4.477,-5.901,-0.93
433,1d3s.pdb,1d3s.pdb,A,LEU,57,O,-5.373,-6.479,-1.548
434,1d3s.pdb,1d3s.pdb,A,LEU,57,CB,-4.508,-3.436,-1.139
435,1d3s.pdb,1d3s.pdb,A,LEU,57,CG,-4.09,-2.126,-1.797
436,1d3s.pdb,1d3s.pdb,A,LEU,57,CD1,-4.939,-0.984,-1.248
437,1d3s.pdb,1d3s.pdb,A,LEU,57,CD2,-2.619,-1.85,-1.585
438,1d3s.pdb,1d3s.pdb,A,TYR,58,N,-4.09,-6.237,0.3
439,1d3s.pdb,1d3s.pdb,A,TYR,58,CA,-4.747,-7.268,1.089
440,1d3s.pdb,1d3s.pdb,A,TYR,58,C,-5.008,-6.725,2.479
441,1d3s.pdb,1d3s.pdb,A,TYR,58,O,-4.11,-6.138,3.097
442,1d3s.pdb,1d3s.pdb,A,TYR,58,CB,-3.882,-8.524,1.176
443,1d3s.pdb,1d3s.pdb,A,TYR,58,CG,-4.373,-9.547,2.183
444,1d3s.pdb,1d3s.pdb,A,TYR,58,CD1,-5.522,-10.285,1.95
445,1d3s.pdb,1d3s.pdb,A,TYR,58,CD2,-3.675,-9.779,3.361
446,1d3s.pdb,1d3s.pdb,A,TYR,58,CE1,-5.966,-11.23,2.865
447,1d3s.pdb,1d3s.pdb,A,TYR,58,CE2,-4.111,-10.722,4.281
448,1d3s.pdb,1d3s.pdb,A,TYR,58,CZ,-5.255,-11.445,4.027
449,1d3s.pdb,1d3s.pdb,A,TYR,58,OH,-5.686,-12.385,4.934
450,1d3s.pdb,1d3s.pdb,A,HIS,59,N,-6.235,-6.93,2.981
451,1d3s.pdb,1d3s.pdb,A,HIS,59,CA,-6.611,-6.565,4.335
452,1d3s.pdb,1d3s.pdb,A,HIS,59,C,-7.284,-7.753,4.987
453,1d3s.pdb,1d3s.pdb,A,HIS,59,O,-8.111,-8.428,4.36
454,1d3s.pdb,1d3s.pdb,A,HIS,59,CB,-7.57,-5.373,4.345
455,1d3s.pdb,1d3s.pdb,A,HIS,59,CG,-7.012,-4.136,3.721
456,1d3s.pdb,1d3s.pdb,A,HIS,59,ND1,-6.367,-3.165,4.444
457,1d3s.pdb,1d3s.pdb,A,HIS,59,CD2,-7.005,-3.717,2.437
458,1d3s.pdb,1d3s.pdb,A,HIS,59,CE1,-5.985,-2.194,3.639
459,1d3s.pdb,1d3s.pdb,A,HIS,59,NE2,-6.358,-2.505,2.41
460,1d3s.pdb,1d3s.pdb,A,TYR,60,N,-6.941,-8.003,6.262
461,1d3s.pdb,1d3s.pdb,A,TYR,60,CA,-7.523,-9.108,7.01
462,1d3s.pdb,1d3s.pdb,A,TYR,60,C,-7.628,-8.721,8.476
463,1d3s.pdb,1d3s.pdb,A,TYR,60,O,-6.637,-8.316,9.088
464,1d3s.pdb,1d3s.pdb,A,TYR,60,CB,-6.676,-10.369,6.853
465,1d3s.pdb,1d3s.pdb,A,TYR,60,CG,-7.155,-11.541,7.681
466,1d3s.pdb,1d3s.pdb,A,TYR,60,CD1,-8.339,-12.192,7.375
467,1d3s.pdb,1d3s.pdb,A,TYR,60,CD2,-6.414,-12.003,8.762
468,1d3s.pdb,1d3s.pdb,A,TYR,60,CE1,-8.778,-13.27,8.122
469,1d3s.pdb,1d3s.pdb,A,TYR,60,CE2,-6.845,-13.082,9.516
470,1d3s.pdb,1d3s.pdb,A,TYR,60,CZ,-8.026,-13.711,9.191
471,1d3s.pdb,1d3s.pdb,A,TYR,60,OH,-8.458,-14.782,9.935
472,1d3s.pdb,1d3s.pdb,A,ASP,61,N,-8.833,-8.84,9.03
473,1d3s.pdb,1d3s.pdb,A,ASP,61,CA,-9.074,-8.632,10.452
474,1d3s.pdb,1d3s.pdb,A,ASP,61,C,-8.986,-9.995,11.129
475,1d3s.pdb,1d3s.pdb,A,ASP,61,O,-9.858,-10.842,10.912
476,1d3s.pdb,1d3s.pdb,A,ASP,61,CB,-10.446,-7.991,10.659
477,1d3s.pdb,1d3s.pdb,A,ASP,61,CG,-10.737,-7.669,12.116
478,1d3s.pdb,1d3s.pdb,A,ASP,61,OD1,-10.284,-8.406,13.007
479,1d3s.pdb,1d3s.pdb,A,ASP,61,OD2,-11.443,-6.669,12.364
480,1d3s.pdb,1d3s.pdb,A,PRO,62,N,-7.95,-10.249,11.95
481,1d3s.pdb,1d3s.pdb,A,PRO,62,CA,-7.778,-11.593,12.516
482,1d3s.pdb,1d3s.pdb,A,PRO,62,C,-8.836,-11.959,13.547
483,1d3s.pdb,1d3s.pdb,A,PRO,62,O,-8.99,-13.145,13.86
484,1d3s.pdb,1d3s.pdb,A,PRO,62,CB,-6.38,-11.533,13.148
485,1d3s.pdb,1d3s.pdb,A,PRO,62,CG,-6.166,-10.085,13.437
486,1d3s.pdb,1d3s.pdb,A,PRO,62,CD,-6.867,-9.334,12.338
487,1d3s.pdb,1d3s.pdb,A,LYS,63,N,-9.571,-10.977,14.075
488,1d3s.pdb,1d3s.pdb,A,LYS,63,CA,-10.629,-11.26,15.039
489,1d3s.pdb,1d3s.pdb,A,LYS,63,C,-11.927,-11.643,14.34
490,1d3s.pdb,1d3s.pdb,A,LYS,63,O,-12.542,-12.661,14.673
491,1d3s.pdb,1d3s.pdb,A,LYS,63,CB,-10.851,-10.05,15.949
492,1d3s.pdb,1d3s.pdb,A,LYS,63,CG,-11.933,-10.259,16.995
493,1d3s.pdb,1d3s.pdb,A,LYS,63,CD,-12.092,-9.033,17.882
494,1d3s.pdb,1d3s.pdb,A,LYS,63,CE,-13.199,-9.23,18.899
495,1d3s.pdb,1d3s.pdb,A,LYS,63,NZ,-13.384,-8.036,19.762
496,1d3s.pdb,1d3s.pdb,A,THR,64,N,-12.361,-10.833,13.362
497,1d3s.pdb,1d3s.pdb,A,THR,64,CA,-13.618,-11.075,12.657
498,1d3s.pdb,1d3s.pdb,A,THR,64,C,-13.45,-11.963,11.432
499,1d3s.pdb,1d3s.pdb,A,THR,64,O,-14.446,-12.449,10.891
500,1d3s.pdb,1d3s.pdb,A,THR,64,CB,-14.244,-9.754,12.2
501,1d3s.pdb,1d3s.pdb,A,THR,64,OG1,-13.414,-9.152,11.205
502,1d3s.pdb,1d3s.pdb,A,THR,64,CG2,-14.409,-8.799,13.374
503,1d3s.pdb,1d3s.pdb,A,GLN,65,N,-12.211,-12.156,10.981
504,1d3s.pdb,1d3s.pdb,A,GLN,65,CA,-11.877,-12.884,9.756
505,1d3s.pdb,1d3s.pdb,A,GLN,65,C,-12.413,-12.201,8.5
506,1d3s.pdb,1d3s.pdb,A,GLN,65,O,-12.515,-12.826,7.436
507,1d3s.pdb,1d3s.pdb,A,GLN,65,CB,-12.328,-14.349,9.833
508,1d3s.pdb,1d3s.pdb,A,GLN,65,CG,-11.64,-15.12,10.957
509,1d3s.pdb,1d3s.pdb,A,GLN,65,CD,-11.965,-16.599,10.948
510,1d3s.pdb,1d3s.pdb,A,GLN,65,OE1,-12.902,-17.046,10.282
511,1d3s.pdb,1d3s.pdb,A,GLN,65,NE2,-11.188,-17.376,11.69
512,1d3s.pdb,1d3s.pdb,A,ASP,66,N,-12.752,-10.907,8.602
513,1d3s.pdb,1d3s.pdb,A,ASP,66,CA,-13.127,-10.124,7.429
514,1d3s.pdb,1d3s.pdb,A,ASP,66,C,-11.896,-9.918,6.554
515,1d3s.pdb,1d3s.pdb,A,ASP,66,O,-10.83,-9.534,7.043
516,1d3s.pdb,1d3s.pdb,A,ASP,66,CB,-13.704,-8.778,7.855
517,1d3s.pdb,1d3s.pdb,A,ASP,66,CG,-14.191,-7.946,6.685
518,1d3s.pdb,1d3s.pdb,A,ASP,66,OD1,-14.799,-8.522,5.762
519,1d3s.pdb,1d3s.pdb,A,ASP,66,OD2,-13.97,-6.721,6.695
520,1d3s.pdb,1d3s.pdb,A,THR,67,N,-12.04,-10.183,5.257
521,1d3s.pdb,1d3s.pdb,A,THR,67,CA,-10.902,-10.124,4.35
522,1d3s.pdb,1d3s.pdb,A,THR,67,C,-11.335,-9.559,3.006
523,1d3s.pdb,1d3s.pdb,A,THR,67,O,-12.454,-9.802,2.543
524,1d3s.pdb,1d3s.pdb,A,THR,67,CB,-10.261,-11.509,4.162
525,1d3s.pdb,1d3s.pdb,A,THR,67,OG1,-9.108,-11.403,3.318
526,1d3s.pdb,1d3s.pdb,A,THR,67,CG2,-11.244,-12.488,3.538
527,1d3s.pdb,1d3s.pdb,A,PHE,68,N,-10.456,-8.785,2.376
528,1d3s.pdb,1d3s.pdb,A,PHE,68,CA,-10.702,-8.333,1.017
529,1d3s.pdb,1d3s.pdb,A,PHE,68,C,-9.394,-7.982,0.337
530,1d3s.pdb,1d3s.pdb,A,PHE,68,O,-8.389,-7.666,0.985
531,1d3s.pdb,1d3s.pdb,A,PHE,68,CB,-11.682,-7.145,0.965
532,1d3s.pdb,1d3s.pdb,A,PHE,68,CG,-11.211,-5.9,1.676
533,1d3s.pdb,1d3s.pdb,A,PHE,68,CD1,-11.418,-5.741,3.036
534,1d3s.pdb,1d3s.pdb,A,PHE,68,CD2,-10.593,-4.879,0.973
535,1d3s.pdb,1d3s.pdb,A,PHE,68,CE1,-11.006,-4.593,3.687
536,1d3s.pdb,1d3s.pdb,A,PHE,68,CE2,-10.175,-3.724,1.618
537,1d3s.pdb,1d3s.pdb,A,PHE,68,CZ,-10.381,-3.582,2.979
538,1d3s.pdb,1d3s.pdb,A,TYR,69,N,-9.42,-8.054,-0.986
539,1d3s.pdb,1d3s.pdb,A,TYR,69,CA,-8.325,-7.635,-1.844
540,1d3s.pdb,1d3s.pdb,A,TYR,69,C,-8.783,-6.466,-2.706
541,1d3s.pdb,1d3s.pdb,A,TYR,69,O,-9.957,-6.372,-3.074
542,1d3s.pdb,1d3s.pdb,A,TYR,69,CB,-7.869,-8.777,-2.758
543,1d3s.pdb,1d3s.pdb,A,TYR,69,CG,-7.135,-9.907,-2.073
544,1d3s.pdb,1d3s.pdb,A,TYR,69,CD1,-7.823,-10.972,-1.508
545,1d3s.pdb,1d3s.pdb,A,TYR,69,CD2,-5.749,-9.922,-2.019
546,1d3s.pdb,1d3s.pdb,A,TYR,69,CE1,-7.146,-12.017,-0.896
547,1d3s.pdb,1d3s.pdb,A,TYR,69,CE2,-5.062,-10.961,-1.411
548,1d3s.pdb,1d3s.pdb,A,TYR,69,CZ,-5.765,-12.006,-0.851
549,1d3s.pdb,1d3s.pdb,A,TYR,69,OH,-5.091,-13.039,-0.249
550,1d3s.pdb,1d3s.pdb,A,ASP,70,N,-7.845,-5.578,-3.046
551,1d3s.pdb,1d3s.pdb,A,ASP,70,CA,-8.075,-4.501,-4.005
552,1d3s.pdb,1d3s.pdb,A,ASP,70,C,-6.996,-4.545,-5.075
553,1d3s.pdb,1d3s.pdb,A,ASP,70,O,-5.868,-4.978,-4.825
554,1d3s.pdb,1d3s.pdb,A,ASP,70,CB,-8.014,-3.113,-3.344
555,1d3s.pdb,1d3s.pdb,A,ASP,70,CG,-9.152,-2.837,-2.381
556,1d3s.pdb,1d3s.pdb,A,ASP,70,OD1,-10.272,-3.326,-2.607
557,1d3s.pdb,1d3s.pdb,A,ASP,70,OD2,-8.913,-2.093,-1.405
558,1d3s.pdb,1d3s.pdb,A,VAL,71,N,-7.339,-4.056,-6.268
559,1d3s.pdb,1d3s.pdb,A,VAL,71,CA,-6.373,-3.812,-7.335
560,1d3s.pdb,1d3s.pdb,A,VAL,71,C,-6.574,-2.389,-7.823
561,1d3s.pdb,1d3s.pdb,A,VAL,71,O,-7.712,-1.93,-7.967
562,1d3s.pdb,1d3s.pdb,A,VAL,71,CB,-6.537,-4.807,-8.501
563,1d3s.pdb,1d3s.pdb,A,VAL,71,CG1,-5.616,-4.442,-9.66
564,1d3s.pdb,1d3s.pdb,A,VAL,71,CG2,-6.25,-6.222,-8.027
565,1d3s.pdb,1d3s.pdb,A,SER,72,N,-5.481,-1.678,-8.08
566,1d3s.pdb,1d3s.pdb,A,SER,72,CA,-5.579,-0.319,-8.592
567,1d3s.pdb,1d3s.pdb,A,SER,72,C,-4.465,-0.039,-9.582
568,1d3s.pdb,1d3s.pdb,A,SER,72,O,-3.373,-0.611,-9.497
569,1d3s.pdb,1d3s.pdb,A,SER,72,CB,-5.531,0.707,-7.456
570,1d3s.pdb,1d3s.pdb,A,SER,72,OG,-4.336,0.59,-6.716
571,1d3s.pdb,1d3s.pdb,A,GLU,73,N,-4.76,0.847,-10.534
572,1d3s.pdb,1d3s.pdb,A,GLU,73,CA,-3.74,1.44,-11.388
573,1d3s.pdb,1d3s.pdb,A,GLU,73,C,-3.406,2.811,-10.826
574,1d3s.pdb,1d3s.pdb,A,GLU,73,O,-4.303,3.614,-10.544
575,1d3s.pdb,1d3s.pdb,A,GLU,73,CB,-4.213,1.549,-12.84
576,1d3s.pdb,1d3s.pdb,A,GLU,73,CG,-3.153,2.138,-13.767
577,1d3s.pdb,1d3s.pdb,A,GLU,73,CD,-3.559,2.124,-15.23
578,1d3s.pdb,1d3s.pdb,A,GLU,73,OE1,-4.578,1.481,-15.571
579,1d3s.pdb,1d3s.pdb,A,GLU,73,OE2,-2.849,2.755,-16.043
580,1d3s.pdb,1d3s.pdb,A,LEU,74,N,-2.119,3.073,-10.632
581,1d3s.pdb,1d3s.pdb,A,LEU,74,CA,-1.669,4.309,-10.009
582,1d3s.pdb,1d3s.pdb,A,LEU,74,C,-1.413,5.373,-11.063
583,1d3s.pdb,1d3s.pdb,A,LEU,74,O,-0.756,5.118,-12.075
584,1d3s.pdb,1d3s.pdb,A,LEU,74,CB,-0.393,4.077,-9.197
585,1d3s.pdb,1d3s.pdb,A,LEU,74,CG,-0.553,3.541,-7.769
586,1d3s.pdb,1d3s.pdb,A,LEU,74,CD1,-1.256,2.197,-7.746
587,1d3s.pdb,1d3s.pdb,A,LEU,74,CD2,0.809,3.446,-7.09
588,1d3s.pdb,1d3s.pdb,A,GLN,75,N,-1.933,6.577,-10.815
589,1d3s.pdb,1d3s.pdb,A,GLN,75,CA,-1.647,7.751,-11.627
590,1d3s.pdb,1d3s.pdb,A,GLN,75,C,-0.61,8.598,-10.907
591,1d3s.pdb,1d3s.pdb,A,GLN,75,O,-0.674,8.776,-9.688
592,1d3s.pdb,1d3s.pdb,A,GLN,75,CB,-2.922,8.553,-11.885
593,1d3s.pdb,1d3s.pdb,A,GLN,75,CG,-3.988,7.776,-12.641
594,1d3s.pdb,1d3s.pdb,A,GLN,75,CD,-5.275,8.557,-12.825
595,1d3s.pdb,1d3s.pdb,A,GLN,75,OE1,-5.444,9.648,-12.282
596,1d3s.pdb,1d3s.pdb,A,GLN,75,NE2,-6.2,7.996,-13.599
597,1d3s.pdb,1d3s.pdb,A,VAL,76,N,0.349,9.124,-11.662
598,1d3s.pdb,1d3s.pdb,A,VAL,76,CA,1.47,9.851,-11.07
599,1d3s.pdb,1d3s.pdb,A,VAL,76,C,1.093,11.304,-10.821
600,1d3s.pdb,1d3s.pdb,A,VAL,76,O,0.649,12.008,-11.734
601,1d3s.pdb,1d3s.pdb,A,VAL,76,CB,2.708,9.773,-11.983
602,1d3s.pdb,1d3s.pdb,A,VAL,76,CG1,3.856,10.572,-11.384
603,1d3s.pdb,1d3s.pdb,A,VAL,76,CG2,3.114,8.328,-12.208
604,1d3s.pdb,1d3s.pdb,A,GLU,77,N,1.247,11.759,-9.567
605,1d3s.pdb,1d3s.pdb,A,GLU,77,CA,1.159,13.178,-9.244
606,1d3s.pdb,1d3s.pdb,A,GLU,77,C,2.539,13.818,-9.334
607,1d3s.pdb,1d3s.pdb,A,GLU,77,O,2.704,14.895,-9.916
608,1d3s.pdb,1d3s.pdb,A,GLU,77,CB,0.579,13.379,-7.843
609,1d3s.pdb,1d3s.pdb,A,GLU,77,CG,-0.816,12.811,-7.638
610,1d3s.pdb,1d3s.pdb,A,GLU,77,CD,-1.319,13.0,-6.216
611,1d3s.pdb,1d3s.pdb,A,GLU,77,OE1,-0.682,13.754,-5.446
612,1d3s.pdb,1d3s.pdb,A,GLU,77,OE2,-2.346,12.394,-5.867
613,1d3s.pdb,1d3s.pdb,A,SER,78,N,3.518,13.164,-8.735
614,1d3s.pdb,1d3s.pdb,A,SER,78,CA,4.923,13.537,-8.774
615,1d3s.pdb,1d3s.pdb,A,SER,78,C,5.706,12.31,-8.328
616,1d3s.pdb,1d3s.pdb,A,SER,78,O,5.122,11.299,-7.928
617,1d3s.pdb,1d3s.pdb,A,SER,78,CB,5.213,14.75,-7.882
618,1d3s.pdb,1d3s.pdb,A,SER,78,OG,4.848,14.494,-6.539
619,1d3s.pdb,1d3s.pdb,A,LEU,79,N,7.027,12.361,-8.399
620,1d3s.pdb,1d3s.pdb,A,LEU,79,CA,7.839,11.203,-8.047
621,1d3s.pdb,1d3s.pdb,A,LEU,79,C,7.551,10.773,-6.609
622,1d3s.pdb,1d3s.pdb,A,LEU,79,O,7.728,11.549,-5.671
623,1d3s.pdb,1d3s.pdb,A,LEU,79,CB,9.325,11.525,-8.217
624,1d3s.pdb,1d3s.pdb,A,LEU,79,CG,10.283,10.373,-7.903
625,1d3s.pdb,1d3s.pdb,A,LEU,79,CD1,10.074,9.219,-8.867
626,1d3s.pdb,1d3s.pdb,A,LEU,79,CD2,11.728,10.851,-7.939
627,1d3s.pdb,1d3s.pdb,A,GLY,80,N,7.105,9.529,-6.436
628,1d3s.pdb,1d3s.pdb,A,GLY,80,CA,6.793,8.998,-5.126
629,1d3s.pdb,1d3s.pdb,A,GLY,80,C,5.424,9.356,-4.591
630,1d3s.pdb,1d3s.pdb,A,GLY,80,O,5.132,9.039,-3.433
631,1d3s.pdb,1d3s.pdb,A,LYS,81,N,4.565,9.995,-5.395
632,1d3s.pdb,1d3s.pdb,A,LYS,81,CA,3.252,10.451,-4.953
633,1d3s.pdb,1d3s.pdb,A,LYS,81,C,2.224,10.107,-6.02
634,1d3s.pdb,1d3s.pdb,A,LYS,81,O,2.355,10.522,-7.178
635,1d3s.pdb,1d3s.pdb,A,LYS,81,CB,3.284,11.957,-4.673
636,1d3s.pdb,1d3s.pdb,A,LYS,81,CG,2.208,12.456,-3.733
637,1d3s.pdb,1d3s.pdb,A,LYS,81,CD,2.434,13.929,-3.402
638,1d3s.pdb,1d3s.pdb,A,LYS,81,CE,1.449,14.451,-2.37
639,1d3s.pdb,1d3s.pdb,A,LYS,81,NZ,1.813,14.049,-0.989
640,1d3s.pdb,1d3s.pdb,A,TYR,82,N,1.195,9.335,-5.63
641,1d3s.pdb,1d3s.pdb,A,TYR,82,CA,0.285,8.713,-6.588
642,1d3s.pdb,1d3s.pdb,A,TYR,82,C,-1.159,8.824,-6.138
643,1d3s.pdb,1d3s.pdb,A,TYR,82,O,-1.45,9.008,-4.953
644,1d3s.pdb,1d3s.pdb,A,TYR,82,CB,0.646,7.226,-6.778
645,1d3s.pdb,1d3s.pdb,A,TYR,82,CG,2.114,7.034,-7.062
646,1d3s.pdb,1d3s.pdb,A,TYR,82,CD1,2.617,7.175,-8.344
647,1d3s.pdb,1d3s.pdb,A,TYR,82,CD2,3.009,6.76,-6.034
648,1d3s.pdb,1d3s.pdb,A,TYR,82,CE1,3.97,7.044,-8.604
649,1d3s.pdb,1d3s.pdb,A,TYR,82,CE2,4.366,6.628,-6.285
650,1d3s.pdb,1d3s.pdb,A,TYR,82,CZ,4.838,6.771,-7.572
651,1d3s.pdb,1d3s.pdb,A,TYR,82,OH,6.18,6.647,-7.828
652,1d3s.pdb,1d3s.pdb,A,THR,83,N,-2.086,8.687,-7.102
653,1d3s.pdb,1d3s.pdb,A,THR,83,CA,-3.514,8.549,-6.851
654,1d3s.pdb,1d3s.pdb,A,THR,83,C,-3.972,7.236,-7.464
655,1d3s.pdb,1d3s.pdb,A,THR,83,O,-3.645,6.94,-8.618
656,1d3s.pdb,1d3s.pdb,A,THR,83,CB,-4.308,9.717,-7.443
657,1d3s.pdb,1d3s.pdb,A,THR,83,OG1,-3.901,10.936,-6.814
658,1d3s.pdb,1d3s.pdb,A,THR,83,CG2,-5.803,9.518,-7.221
659,1d3s.pdb,1d3s.pdb,A,ALA,84,N,-4.725,6.432,-6.694
660,1d3s.pdb,1d3s.pdb,A,ALA,84,CA,-5.093,5.082,-7.093
661,1d3s.pdb,1d3s.pdb,A,ALA,84,C,-6.595,4.893,-6.979
662,1d3s.pdb,1d3s.pdb,A,ALA,84,O,-7.14,4.919,-5.876
663,1d3s.pdb,1d3s.pdb,A,ALA,84,CB,-4.367,4.06,-6.221
664,1d3s.pdb,1d3s.pdb,A,ASN,85,N,-7.275,4.694,-8.108
665,1d3s.pdb,1d3s.pdb,A,ASN,85,CA,-8.687,4.329,-8.108
666,1d3s.pdb,1d3s.pdb,A,ASN,85,C,-8.781,2.817,-7.977
667,1d3s.pdb,1d3s.pdb,A,ASN,85,O,-8.283,2.081,-8.835
668,1d3s.pdb,1d3s.pdb,A,ASN,85,CB,-9.371,4.817,-9.381
669,1d3s.pdb,1d3s.pdb,A,ASN,85,CG,-9.453,6.327,-9.448
670,1d3s.pdb,1d3s.pdb,A,ASN,85,OD1,-8.485,6.996,-9.807
671,1d3s.pdb,1d3s.pdb,A,ASN,85,ND2,-10.606,6.871,-9.092
672,1d3s.pdb,1d3s.pdb,A,PHE,86,N,-9.406,2.347,-6.89
673,1d3s.pdb,1d3s.pdb,A,PHE,86,CA,-9.354,0.932,-6.554
674,1d3s.pdb,1d3s.pdb,A,PHE,86,C,-10.637,0.2,-6.917
675,1d3s.pdb,1d3s.pdb,A,PHE,86,O,-11.73,0.776,-6.936
676,1d3s.pdb,1d3s.pdb,A,PHE,86,CB,-9.034,0.733,-5.064
677,1d3s.pdb,1d3s.pdb,A,PHE,86,CG,-10.057,1.316,-4.116
678,1d3s.pdb,1d3s.pdb,A,PHE,86,CD1,-11.166,0.581,-3.721
679,1d3s.pdb,1d3s.pdb,A,PHE,86,CD2,-9.891,2.59,-3.597
680,1d3s.pdb,1d3s.pdb,A,PHE,86,CE1,-12.097,1.111,-2.842
681,1d3s.pdb,1d3s.pdb,A,PHE,86,CE2,-10.822,3.128,-2.718
682,1d3s.pdb,1d3s.pdb,A,PHE,86,CZ,-11.925,2.385,-2.34
683,1d3s.pdb,1d3s.pdb,A,LYS,87,N,-10.493,-1.083,-7.209
684,1d3s.pdb,1d3s.pdb,A,LYS,87,CA,-11.6,-2.014,-7.325
685,1d3s.pdb,1d3s.pdb,A,LYS,87,C,-11.386,-3.128,-6.319
686,1d3s.pdb,1d3s.pdb,A,LYS,87,O,-10.258,-3.582,-6.112
687,1d3s.pdb,1d3s.pdb,A,LYS,87,CB,-11.724,-2.576,-8.748
688,1d3s.pdb,1d3s.pdb,A,LYS,87,CG,-10.516,-3.352,-9.246
689,1d3s.pdb,1d3s.pdb,A,LYS,87,CD,-10.687,-3.782,-10.702
690,1d3s.pdb,1d3s.pdb,A,LYS,87,CE,-9.455,-4.514,-11.21
691,1d3s.pdb,1d3s.pdb,A,LYS,87,NZ,-9.574,-4.887,-12.645
692,1d3s.pdb,1d3s.pdb,A,LYS,88,N,-12.482,-3.558,-5.674
693,1d3s.pdb,1d3s.pdb,A,LYS,88,CA,-12.416,-4.689,-4.758
694,1d3s.pdb,1d3s.pdb,A,LYS,88,C,-12.549,-5.971,-5.562
695,1d3s.pdb,1d3s.pdb,A,LYS,88,O,-13.429,-6.087,-6.422
696,1d3s.pdb,1d3s.pdb,A,LYS,88,CB,-13.513,-4.586,-3.701
697,1d3s.pdb,1d3s.pdb,A,LYS,88,CG,-13.44,-5.67,-2.635
698,1d3s.pdb,1d3s.pdb,A,LYS,88,CD,-14.484,-5.471,-1.541
699,1d3s.pdb,1d3s.pdb,A,LYS,88,CE,-14.19,-4.253,-0.696
700,1d3s.pdb,1d3s.pdb,A,LYS,88,NZ,-15.14,-4.114,0.438
701,1d3s.pdb,1d3s.pdb,A,VAL,89,N,-11.671,-6.938,-5.29
702,1d3s.pdb,1d3s.pdb,A,VAL,89,CA,-11.623,-8.188,-6.04
703,1d3s.pdb,1d3s.pdb,A,VAL,89,C,-11.493,-9.361,-5.083
704,1d3s.pdb,1d3s.pdb,A,VAL,89,O,-11.168,-9.195,-3.903
705,1d3s.pdb,1d3s.pdb,A,VAL,89,CB,-10.444,-8.208,-7.039
706,1d3s.pdb,1d3s.pdb,A,VAL,89,CG1,-10.574,-7.096,-8.071
707,1d3s.pdb,1d3s.pdb,A,VAL,89,CG2,-9.109,-8.099,-6.297
708,1d3s.pdb,1d3s.pdb,A,ASP,90,N,-11.76,-10.566,-5.59
709,1d3s.pdb,1d3s.pdb,A,ASP,90,CA,-11.367,-11.756,-4.853
710,1d3s.pdb,1d3s.pdb,A,ASP,90,C,-9.892,-12.052,-5.122
711,1d3s.pdb,1d3s.pdb,A,ASP,90,O,-9.215,-11.328,-5.861
712,1d3s.pdb,1d3s.pdb,A,ASP,90,CB,-12.287,-12.947,-5.165
713,1d3s.pdb,1d3s.pdb,A,ASP,90,CG,-12.172,-13.473,-6.59
714,1d3s.pdb,1d3s.pdb,A,ASP,90,OD1,-11.183,-13.185,-7.29
715,1d3s.pdb,1d3s.pdb,A,ASP,90,OD2,-13.087,-14.221,-7.004
716,1d3s.pdb,1d3s.pdb,A,LYS,91,N,-9.364,-13.117,-4.496
717,1d3s.pdb,1d3s.pdb,A,LYS,91,CA,-7.932,-13.382,-4.583
718,1d3s.pdb,1d3s.pdb,A,LYS,91,C,-7.472,-13.711,-5.996
719,1d3s.pdb,1d3s.pdb,A,LYS,91,O,-6.27,-13.653,-6.273
720,1d3s.pdb,1d3s.pdb,A,LYS,91,CB,-7.542,-14.516,-3.631
721,1d3s.pdb,1d3s.pdb,A,LYS,91,CG,-8.106,-15.874,-4.02
722,1d3s.pdb,1d3s.pdb,A,LYS,91,CD,-7.676,-16.952,-3.031
723,1d3s.pdb,1d3s.pdb,A,LYS,91,CE,-8.223,-18.312,-3.42
724,1d3s.pdb,1d3s.pdb,A,LYS,91,NZ,-7.834,-19.364,-2.449
725,1d3s.pdb,1d3s.pdb,A,ASN,92,N,-8.404,-14.045,-6.888
726,1d3s.pdb,1d3s.pdb,A,ASN,92,CA,-8.091,-14.384,-8.271
727,1d3s.pdb,1d3s.pdb,A,ASN,92,C,-8.291,-13.219,-9.229
728,1d3s.pdb,1d3s.pdb,A,ASN,92,O,-8.049,-13.365,-10.433
729,1d3s.pdb,1d3s.pdb,A,ASN,92,CB,-8.942,-15.574,-8.72
730,1d3s.pdb,1d3s.pdb,A,ASN,92,CG,-8.687,-16.819,-7.902
731,1d3s.pdb,1d3s.pdb,A,ASN,92,OD1,-7.536,-17.178,-7.651
732,1d3s.pdb,1d3s.pdb,A,ASN,92,ND2,-9.752,-17.481,-7.476
733,1d3s.pdb,1d3s.pdb,A,GLY,93,N,-8.733,-12.059,-8.73
734,1d3s.pdb,1d3s.pdb,A,GLY,93,CA,-8.915,-10.881,-9.559
735,1d3s.pdb,1d3s.pdb,A,GLY,93,C,-10.318,-10.668,-10.083
736,1d3s.pdb,1d3s.pdb,A,GLY,93,O,-10.536,-9.728,-10.856
737,1d3s.pdb,1d3s.pdb,A,ASN,94,N,-11.287,-11.5,-9.694
738,1d3s.pdb,1d3s.pdb,A,ASN,94,CA,-12.669,-11.306,-10.114
739,1d3s.pdb,1d3s.pdb,A,ASN,94,C,-13.262,-10.11,-9.382
740,1d3s.pdb,1d3s.pdb,A,ASN,94,O,-13.173,-10.009,-8.156
741,1d3s.pdb,1d3s.pdb,A,ASN,94,CB,-13.495,-12.555,-9.84
742,1d3s.pdb,1d3s.pdb,A,ASN,94,CG,-12.977,-13.763,-10.586
743,1d3s.pdb,1d3s.pdb,A,ASN,94,OD1,-12.821,-13.731,-11.807
744,1d3s.pdb,1d3s.pdb,A,ASN,94,ND2,-12.697,-14.836,-9.855
745,1d3s.pdb,1d3s.pdb,A,VAL,95,N,-13.881,-9.187,-10.13
746,1d3s.pdb,1d3s.pdb,A,VAL,95,CA,-14.337,-7.922,-9.563
747,1d3s.pdb,1d3s.pdb,A,VAL,95,C,-15.543,-8.138,-8.657
748,1d3s.pdb,1d3s.pdb,A,VAL,95,O,-16.522,-8.787,-9.039
749,1d3s.pdb,1d3s.pdb,A,VAL,95,CB,-14.672,-6.917,-10.676
750,1d3s.pdb,1d3s.pdb,A,VAL,95,CG1,-15.226,-5.626,-10.085
751,1d3s.pdb,1d3s.pdb,A,VAL,95,CG2,-13.434,-6.631,-11.507
752,1d3s.pdb,1d3s.pdb,A,LYS,96,N,-15.472,-7.579,-7.434
753,1d3s.pdb,1d3s.pdb,A,LYS,96,CA,-16.587,-7.562,-6.497
754,1d3s.pdb,1d3s.pdb,A,LYS,96,C,-17.228,-6.183,-6.423
755,1d3s.pdb,1d3s.pdb,A,LYS,96,O,-18.456,-6.074,-6.338
756,1d3s.pdb,1d3s.pdb,A,LYS,96,CB,-16.114,-7.992,-5.106
757,1d3s.pdb,1d3s.pdb,A,LYS,96,CG,-15.509,-9.391,-5.054
758,1d3s.pdb,1d3s.pdb,A,LYS,96,CD,-16.518,-10.445,-5.488
759,1d3s.pdb,1d3s.pdb,A,LYS,96,CE,-15.956,-11.846,-5.356
760,1d3s.pdb,1d3s.pdb,A,LYS,96,NZ,-16.921,-12.887,-5.814
761,1d3s.pdb,1d3s.pdb,A,VAL,97,N,-16.419,-5.124,-6.431
762,1d3s.pdb,1d3s.pdb,A,VAL,97,CA,-16.896,-3.745,-6.471
763,1d3s.pdb,1d3s.pdb,A,VAL,97,C,-16.049,-3.021,-7.504
764,1d3s.pdb,1d3s.pdb,A,VAL,97,O,-14.834,-2.896,-7.336
765,1d3s.pdb,1d3s.pdb,A,VAL,97,CB,-16.795,-3.042,-5.107
766,1d3s.pdb,1d3s.pdb,A,VAL,97,CG1,-17.322,-1.613,-5.213
767,1d3s.pdb,1d3s.pdb,A,VAL,97,CG2,-17.562,-3.817,-4.043
768,1d3s.pdb,1d3s.pdb,A,ALA,98,N,-16.691,-2.552,-8.584
769,1d3s.pdb,1d3s.pdb,A,ALA,98,CA,-15.97,-1.939,-9.689
770,1d3s.pdb,1d3s.pdb,A,ALA,98,C,-15.382,-0.589,-9.298
771,1d3s.pdb,1d3s.pdb,A,ALA,98,O,-15.793,0.041,-8.314
772,1d3s.pdb,1d3s.pdb,A,ALA,98,CB,-16.901,-1.774,-10.89
773,1d3s.pdb,1d3s.pdb,A,VAL,99,N,-14.41,-0.135,-10.095
774,1d3s.pdb,1d3s.pdb,A,VAL,99,CA,-13.875,1.21,-9.944
775,1d3s.pdb,1d3s.pdb,A,VAL,99,C,-15.012,2.214,-10.072
776,1d3s.pdb,1d3s.pdb,A,VAL,99,O,-15.879,2.087,-10.943
777,1d3s.pdb,1d3s.pdb,A,VAL,99,CB,-12.788,1.491,-10.996
778,1d3s.pdb,1d3s.pdb,A,VAL,99,CG1,-12.337,2.942,-10.941
779,1d3s.pdb,1d3s.pdb,A,VAL,99,CG2,-11.606,0.553,-10.799
780,1d3s.pdb,1d3s.pdb,A,THR,100,N,-15.02,3.222,-9.197
781,1d3s.pdb,1d3s.pdb,A,THR,100,CA,-16.04,4.257,-9.246
782,1d3s.pdb,1d3s.pdb,A,THR,100,C,-15.44,5.566,-8.764
783,1d3s.pdb,1d3s.pdb,A,THR,100,O,-14.559,5.587,-7.899
784,1d3s.pdb,1d3s.pdb,A,THR,100,CB,-17.274,3.882,-8.405
785,1d3s.pdb,1d3s.pdb,A,THR,100,OG1,-18.256,4.92,-8.491
786,1d3s.pdb,1d3s.pdb,A,THR,100,CG2,-16.892,3.667,-6.952
787,1d3s.pdb,1d3s.pdb,A,ALA,101,N,-15.919,6.671,-9.345
788,1d3s.pdb,1d3s.pdb,A,ALA,101,CA,-15.475,7.986,-8.912
789,1d3s.pdb,1d3s.pdb,A,ALA,101,C,-15.771,8.161,-7.431
790,1d3s.pdb,1d3s.pdb,A,ALA,101,O,-16.848,7.798,-6.95
791,1d3s.pdb,1d3s.pdb,A,ALA,101,CB,-16.166,9.074,-9.724
792,1d3s.pdb,1d3s.pdb,A,GLY,102,N,-14.808,8.709,-6.699
793,1d3s.pdb,1d3s.pdb,A,GLY,102,CA,-14.936,8.872,-5.267
794,1d3s.pdb,1d3s.pdb,A,GLY,102,C,-14.321,7.758,-4.448
795,1d3s.pdb,1d3s.pdb,A,GLY,102,O,-14.14,7.93,-3.237
796,1d3s.pdb,1d3s.pdb,A,ASN,103,N,-14.006,6.619,-5.077
797,1d3s.pdb,1d3s.pdb,A,ASN,103,CA,-13.321,5.516,-4.411
798,1d3s.pdb,1d3s.pdb,A,ASN,103,C,-11.872,5.512,-4.871
799,1d3s.pdb,1d3s.pdb,A,ASN,103,O,-11.534,4.948,-5.916
800,1d3s.pdb,1d3s.pdb,A,ASN,103,CB,-13.981,4.177,-4.725
801,1d3s.pdb,1d3s.pdb,A,ASN,103,CG,-15.227,3.915,-3.906
802,1d3s.pdb,1d3s.pdb,A,ASN,103,OD1,-15.662,4.754,-3.12
803,1d3s.pdb,1d3s.pdb,A,ASN,103,ND2,-15.808,2.734,-4.086
804,1d3s.pdb,1d3s.pdb,A,TYR,104,N,-11.004,6.161,-4.095
805,1d3s.pdb,1d3s.pdb,A,TYR,104,CA,-9.599,6.232,-4.45
806,1d3s.pdb,1d3s.pdb,A,TYR,104,C,-8.782,6.456,-3.191
807,1d3s.pdb,1d3s.pdb,A,TYR,104,O,-9.307,6.854,-2.146
808,1d3s.pdb,1d3s.pdb,A,TYR,104,CB,-9.325,7.345,-5.478
809,1d3s.pdb,1d3s.pdb,A,TYR,104,CG,-9.534,8.751,-4.956
810,1d3s.pdb,1d3s.pdb,A,TYR,104,CD1,-10.797,9.334,-4.953
811,1d3s.pdb,1d3s.pdb,A,TYR,104,CD2,-8.467,9.51,-4.493
812,1d3s.pdb,1d3s.pdb,A,TYR,104,CE1,-10.989,10.626,-4.486
813,1d3s.pdb,1d3s.pdb,A,TYR,104,CE2,-8.651,10.8,-4.022
814,1d3s.pdb,1d3s.pdb,A,TYR,104,CZ,-9.911,11.353,-4.021
815,1d3s.pdb,1d3s.pdb,A,TYR,104,OH,-10.1,12.634,-3.557
816,1d3s.pdb,1d3s.pdb,A,TYR,105,N,-7.491,6.192,-3.288
817,1d3s.pdb,1d3s.pdb,A,TYR,105,CA,-6.57,6.563,-2.227
818,1d3s.pdb,1d3s.pdb,A,TYR,105,C,-5.378,7.27,-2.837
819,1d3s.pdb,1d3s.pdb,A,TYR,105,O,-4.99,7.007,-3.975
820,1d3s.pdb,1d3s.pdb,A,TYR,105,CB,-6.136,5.356,-1.378
821,1d3s.pdb,1d3s.pdb,A,TYR,105,CG,-5.444,4.227,-2.123
822,1d3s.pdb,1d3s.pdb,A,TYR,105,CD1,-4.062,4.205,-2.273
823,1d3s.pdb,1d3s.pdb,A,TYR,105,CD2,-6.172,3.162,-2.641
824,1d3s.pdb,1d3s.pdb,A,TYR,105,CE1,-3.428,3.165,-2.932
825,1d3s.pdb,1d3s.pdb,A,TYR,105,CE2,-5.544,2.119,-3.308
826,1d3s.pdb,1d3s.pdb,A,TYR,105,CZ,-4.173,2.125,-3.451
827,1d3s.pdb,1d3s.pdb,A,TYR,105,OH,-3.546,1.095,-4.115
828,1d3s.pdb,1d3s.pdb,A,THR,106,N,-4.821,8.218,-2.086
829,1d3s.pdb,1d3s.pdb,A,THR,106,CA,-3.506,8.742,-2.414
830,1d3s.pdb,1d3s.pdb,A,THR,106,C,-2.463,7.887,-1.716
831,1d3s.pdb,1d3s.pdb,A,THR,106,O,-2.742,7.21,-0.72
832,1d3s.pdb,1d3s.pdb,A,THR,106,CB,-3.354,10.212,-2.01
833,1d3s.pdb,1d3s.pdb,A,THR,106,OG1,-3.434,10.328,-0.585
834,1d3s.pdb,1d3s.pdb,A,THR,106,CG2,-4.437,11.063,-2.656
835,1d3s.pdb,1d3s.pdb,A,PHE,107,N,-1.252,7.891,-2.261
836,1d3s.pdb,1d3s.pdb,A,PHE,107,CA,-0.2,6.992,-1.807
837,1d3s.pdb,1d3s.pdb,A,PHE,107,C,1.124,7.711,-1.983
838,1d3s.pdb,1d3s.pdb,A,PHE,107,O,1.503,8.044,-3.11
839,1d3s.pdb,1d3s.pdb,A,PHE,107,CB,-0.237,5.695,-2.619
840,1d3s.pdb,1d3s.pdb,A,PHE,107,CG,0.661,4.614,-2.101
841,1d3s.pdb,1d3s.pdb,A,PHE,107,CD1,0.23,3.752,-1.112
842,1d3s.pdb,1d3s.pdb,A,PHE,107,CD2,1.937,4.45,-2.616
843,1d3s.pdb,1d3s.pdb,A,PHE,107,CE1,1.052,2.75,-0.637
844,1d3s.pdb,1d3s.pdb,A,PHE,107,CE2,2.767,3.451,-2.141
845,1d3s.pdb,1d3s.pdb,A,PHE,107,CZ,2.322,2.6,-1.152
846,1d3s.pdb,1d3s.pdb,A,THR,108,N,1.813,7.97,-0.878
847,1d3s.pdb,1d3s.pdb,A,THR,108,CA,3.081,8.695,-0.895
848,1d3s.pdb,1d3s.pdb,A,THR,108,C,4.152,7.846,-0.231
849,1d3s.pdb,1d3s.pdb,A,THR,108,O,3.975,7.406,0.91
850,1d3s.pdb,1d3s.pdb,A,THR,108,CB,2.963,10.039,-0.162
851,1d3s.pdb,1d3s.pdb,A,THR,108,OG1,1.929,10.824,-0.762
852,1d3s.pdb,1d3s.pdb,A,THR,108,CG2,4.281,10.804,-0.222
853,1d3s.pdb,1d3s.pdb,A,VAL,109,N,5.265,7.616,-0.926
854,1d3s.pdb,1d3s.pdb,A,VAL,109,CA,6.393,6.889,-0.35
855,1d3s.pdb,1d3s.pdb,A,VAL,109,C,7.333,7.908,0.277
856,1d3s.pdb,1d3s.pdb,A,VAL,109,O,8.055,8.629,-0.419
857,1d3s.pdb,1d3s.pdb,A,VAL,109,CB,7.119,6.03,-1.395
858,1d3s.pdb,1d3s.pdb,A,VAL,109,CG1,8.228,5.232,-0.715
859,1d3s.pdb,1d3s.pdb,A,VAL,109,CG2,6.14,5.096,-2.093
860,1d3s.pdb,1d3s.pdb,A,MET,110,N,7.302,7.98,1.614
861,1d3s.pdb,1d3s.pdb,A,MET,110,CA,8.066,8.976,2.36
862,1d3s.pdb,1d3s.pdb,A,MET,110,C,9.508,8.549,2.584
863,1d3s.pdb,1d3s.pdb,A,MET,110,O,10.398,9.397,2.698
864,1d3s.pdb,1d3s.pdb,A,MET,110,CB,7.388,9.236,3.703
865,1d3s.pdb,1d3s.pdb,A,MET,110,CG,5.932,9.662,3.578
866,1d3s.pdb,1d3s.pdb,A,MET,110,SD,5.083,9.725,5.165
867,1d3s.pdb,1d3s.pdb,A,MET,110,CE,5.98,11.054,5.968
868,1d3s.pdb,1d3s.pdb,A,TYR,111,N,9.744,7.237,2.672
869,1d3s.pdb,1d3s.pdb,A,TYR,111,CA,11.075,6.665,2.816
870,1d3s.pdb,1d3s.pdb,A,TYR,111,C,11.044,5.269,2.218
871,1d3s.pdb,1d3s.pdb,A,TYR,111,O,10.062,4.542,2.396
872,1d3s.pdb,1d3s.pdb,A,TYR,111,CB,11.508,6.586,4.29
873,1d3s.pdb,1d3s.pdb,A,TYR,111,CG,12.796,5.806,4.436
874,1d3s.pdb,1d3s.pdb,A,TYR,111,CD1,14.022,6.413,4.219
875,1d3s.pdb,1d3s.pdb,A,TYR,111,CD2,12.779,4.447,4.725
876,1d3s.pdb,1d3s.pdb,A,TYR,111,CE1,15.199,5.693,4.29
877,1d3s.pdb,1d3s.pdb,A,TYR,111,CE2,13.954,3.717,4.797
878,1d3s.pdb,1d3s.pdb,A,TYR,111,CZ,15.161,4.346,4.575
879,1d3s.pdb,1d3s.pdb,A,TYR,111,OH,16.329,3.636,4.636
880,1d3s.pdb,1d3s.pdb,A,ALA,112,N,12.099,4.874,1.534
881,1d3s.pdb,1d3s.pdb,A,ALA,112,CA,12.233,3.492,1.098
882,1d3s.pdb,1d3s.pdb,A,ALA,112,C,13.695,3.142,0.918
883,1d3s.pdb,1d3s.pdb,A,ALA,112,O,14.508,3.987,0.529
884,1d3s.pdb,1d3s.pdb,A,ALA,112,CB,11.48,3.232,-0.21
885,1d3s.pdb,1d3s.pdb,A,ASP,113,N,14.018,1.89,1.223
886,1d3s.pdb,1d3s.pdb,A,ASP,113,CA,15.265,1.267,0.822
887,1d3s.pdb,1d3s.pdb,A,ASP,113,C,14.928,-0.131,0.32
888,1d3s.pdb,1d3s.pdb,A,ASP,113,O,13.759,-0.439,0.072
889,1d3s.pdb,1d3s.pdb,A,ASP,113,CB,16.29,1.282,1.972
890,1d3s.pdb,1d3s.pdb,A,ASP,113,CG,15.794,0.583,3.231
891,1d3s.pdb,1d3s.pdb,A,ASP,113,OD1,15.16,-0.484,3.124
892,1d3s.pdb,1d3s.pdb,A,ASP,113,OD2,16.068,1.096,4.336
893,1d3s.pdb,1d3s.pdb,A,ASP,114,N,15.931,-0.99,0.138
894,1d3s.pdb,1d3s.pdb,A,ASP,114,CA,15.669,-2.304,-0.445
895,1d3s.pdb,1d3s.pdb,A,ASP,114,C,14.757,-3.165,0.419
896,1d3s.pdb,1d3s.pdb,A,ASP,114,O,14.074,-4.049,-0.107
897,1d3s.pdb,1d3s.pdb,A,ASP,114,CB,16.982,-3.048,-0.683
898,1d3s.pdb,1d3s.pdb,A,ASP,114,CG,17.791,-2.47,-1.83
899,1d3s.pdb,1d3s.pdb,A,ASP,114,OD1,17.25,-1.654,-2.603
900,1d3s.pdb,1d3s.pdb,A,ASP,114,OD2,18.976,-2.844,-1.956
901,1d3s.pdb,1d3s.pdb,A,SER,115,N,14.725,-2.942,1.742
902,1d3s.pdb,1d3s.pdb,A,SER,115,CA,14.028,-3.84,2.658
903,1d3s.pdb,1d3s.pdb,A,SER,115,C,12.912,-3.194,3.464
904,1d3s.pdb,1d3s.pdb,A,SER,115,O,12.082,-3.926,4.016
905,1d3s.pdb,1d3s.pdb,A,SER,115,CB,15.024,-4.475,3.628
906,1d3s.pdb,1d3s.pdb,A,SER,115,OG,15.617,-3.497,4.455
907,1d3s.pdb,1d3s.pdb,A,SER,116,N,12.852,-1.867,3.569
908,1d3s.pdb,1d3s.pdb,A,SER,116,CA,11.883,-1.204,4.432
909,1d3s.pdb,1d3s.pdb,A,SER,116,C,11.364,0.061,3.774
910,1d3s.pdb,1d3s.pdb,A,SER,116,O,11.99,0.616,2.87
911,1d3s.pdb,1d3s.pdb,A,SER,116,CB,12.49,-0.88,5.8
912,1d3s.pdb,1d3s.pdb,A,SER,116,OG,13.574,0.025,5.681
913,1d3s.pdb,1d3s.pdb,A,ALA,117,N,10.195,0.528,4.247
914,1d3s.pdb,1d3s.pdb,A,ALA,117,CA,9.599,1.744,3.711
915,1d3s.pdb,1d3s.pdb,A,ALA,117,C,8.655,2.361,4.731
916,1d3s.pdb,1d3s.pdb,A,ALA,117,O,8.168,1.691,5.646
917,1d3s.pdb,1d3s.pdb,A,ALA,117,CB,8.845,1.468,2.401
918,1d3s.pdb,1d3s.pdb,A,LEU,118,N,8.394,3.662,4.554
919,1d3s.pdb,1d3s.pdb,A,LEU,118,CA,7.382,4.41,5.288
920,1d3s.pdb,1d3s.pdb,A,LEU,118,C,6.486,5.074,4.261
921,1d3s.pdb,1d3s.pdb,A,LEU,118,O,6.971,5.793,3.381
922,1d3s.pdb,1d3s.pdb,A,LEU,118,CB,8.02,5.466,6.195
923,1d3s.pdb,1d3s.pdb,A,LEU,118,CG,7.058,6.438,6.893
924,1d3s.pdb,1d3s.pdb,A,LEU,118,CD1,6.157,5.711,7.881
925,1d3s.pdb,1d3s.pdb,A,LEU,118,CD2,7.842,7.545,7.596
926,1d3s.pdb,1d3s.pdb,A,ILE,119,N,5.174,4.831,4.361
927,1d3s.pdb,1d3s.pdb,A,ILE,119,CA,4.224,5.403,3.418
928,1d3s.pdb,1d3s.pdb,A,ILE,119,C,3.129,6.156,4.157
929,1d3s.pdb,1d3s.pdb,A,ILE,119,O,2.862,5.918,5.338
930,1d3s.pdb,1d3s.pdb,A,ILE,119,CB,3.576,4.329,2.512
931,1d3s.pdb,1d3s.pdb,A,ILE,119,CG1,2.752,3.344,3.347
932,1d3s.pdb,1d3s.pdb,A,ILE,119,CG2,4.644,3.593,1.706
933,1d3s.pdb,1d3s.pdb,A,ILE,119,CD1,1.568,2.756,2.612
934,1d3s.pdb,1d3s.pdb,A,HIS,120,N,2.49,7.076,3.436
935,1d3s.pdb,1d3s.pdb,A,HIS,120,CA,1.263,7.74,3.85
936,1d3s.pdb,1d3s.pdb,A,HIS,120,C,0.18,7.416,2.84
937,1d3s.pdb,1d3s.pdb,A,HIS,120,O,0.441,7.368,1.633
938,1d3s.pdb,1d3s.pdb,A,HIS,120,CB,1.458,9.254,3.937
939,1d3s.pdb,1d3s.pdb,A,HIS,120,CG,0.181,10.029,4.129
940,1d3s.pdb,1d3s.pdb,A,HIS,120,ND1,-0.58,10.47,3.07
941,1d3s.pdb,1d3s.pdb,A,HIS,120,CD2,-0.45,10.435,5.247
942,1d3s.pdb,1d3s.pdb,A,HIS,120,CE1,-1.639,11.121,3.534
943,1d3s.pdb,1d3s.pdb,A,HIS,120,NE2,-1.582,11.116,4.857
944,1d3s.pdb,1d3s.pdb,A,THR,121,N,-1.044,7.208,3.318
945,1d3s.pdb,1d3s.pdb,A,THR,121,CA,-2.178,7.045,2.423
946,1d3s.pdb,1d3s.pdb,A,THR,121,C,-3.382,7.778,2.99
947,1d3s.pdb,1d3s.pdb,A,THR,121,O,-3.539,7.906,4.21
948,1d3s.pdb,1d3s.pdb,A,THR,121,CB,-2.494,5.557,2.164
949,1d3s.pdb,1d3s.pdb,A,THR,121,OG1,-3.543,5.438,1.201
950,1d3s.pdb,1d3s.pdb,A,THR,121,CG2,-2.9,4.85,3.448
951,1d3s.pdb,1d3s.pdb,A,CYS,122,N,-4.213,8.302,2.09
952,1d3s.pdb,1d3s.pdb,A,CYS,122,CA,-5.48,8.927,2.437
953,1d3s.pdb,1d3s.pdb,A,CYS,122,C,-6.56,8.245,1.619
954,1d3s.pdb,1d3s.pdb,A,CYS,122,O,-6.56,8.343,0.387
955,1d3s.pdb,1d3s.pdb,A,CYS,122,CB,-5.459,10.426,2.152
956,1d3s.pdb,1d3s.pdb,A,CYS,122,SG,-7.045,11.232,2.494
957,1d3s.pdb,1d3s.pdb,A,LEU,123,N,-7.475,7.545,2.3
958,1d3s.pdb,1d3s.pdb,A,LEU,123,CA,-8.519,6.771,1.643
959,1d3s.pdb,1d3s.pdb,A,LEU,123,C,-9.786,7.604,1.513
960,1d3s.pdb,1d3s.pdb,A,LEU,123,O,-10.226,8.238,2.478
961,1d3s.pdb,1d3s.pdb,A,LEU,123,CB,-8.803,5.494,2.436
962,1d3s.pdb,1d3s.pdb,A,LEU,123,CG,-9.961,4.615,1.946
963,1d3s.pdb,1d3s.pdb,A,LEU,123,CD1,-9.703,4.1,0.542
964,1d3s.pdb,1d3s.pdb,A,LEU,123,CD2,-10.185,3.456,2.914
965,1d3s.pdb,1d3s.pdb,A,HIS,124,N,-10.371,7.6,0.32
966,1d3s.pdb,1d3s.pdb,A,HIS,124,CA,-11.63,8.271,0.035
967,1d3s.pdb,1d3s.pdb,A,HIS,124,C,-12.637,7.228,-0.42
968,1d3s.pdb,1d3s.pdb,A,HIS,124,O,-12.414,6.534,-1.413
969,1d3s.pdb,1d3s.pdb,A,HIS,124,CB,-11.448,9.334,-1.05
970,1d3s.pdb,1d3s.pdb,A,HIS,124,CG,-10.454,10.399,-0.7
971,1d3s.pdb,1d3s.pdb,A,HIS,124,ND1,-10.825,11.65,-0.263
972,1d3s.pdb,1d3s.pdb,A,HIS,124,CD2,-9.102,10.394,-0.72
973,1d3s.pdb,1d3s.pdb,A,HIS,124,CE1,-9.746,12.375,-0.034
974,1d3s.pdb,1d3s.pdb,A,HIS,124,NE2,-8.682,11.637,-0.3
975,1d3s.pdb,1d3s.pdb,A,LYS,125,N,-13.752,7.106,0.315
976,1d3s.pdb,1d3s.pdb,A,LYS,125,CA,-14.841,6.198,-0.034
977,1d3s.pdb,1d3s.pdb,A,LYS,125,C,-16.141,6.979,0.063
978,1d3s.pdb,1d3s.pdb,A,LYS,125,O,-16.733,7.093,1.139
979,1d3s.pdb,1d3s.pdb,A,LYS,125,CB,-14.864,4.974,0.883
980,1d3s.pdb,1d3s.pdb,A,LYS,125,CG,-13.71,4.008,0.67
981,1d3s.pdb,1d3s.pdb,A,LYS,125,CD,-13.766,2.83,1.633
982,1d3s.pdb,1d3s.pdb,A,LYS,125,CE,-14.996,1.972,1.417
983,1d3s.pdb,1d3s.pdb,A,LYS,125,NZ,-15.001,0.772,2.303
984,1d3s.pdb,1d3s.pdb,A,GLY,126,N,-16.589,7.531,-1.069
985,1d3s.pdb,1d3s.pdb,A,GLY,126,CA,-17.78,8.347,-1.074
986,1d3s.pdb,1d3s.pdb,A,GLY,126,C,-17.615,9.558,-0.182
987,1d3s.pdb,1d3s.pdb,A,GLY,126,O,-16.61,10.269,-0.253
988,1d3s.pdb,1d3s.pdb,A,ASN,127,N,-18.606,9.795,0.679
989,1d3s.pdb,1d3s.pdb,A,ASN,127,CA,-18.59,10.933,1.587
990,1d3s.pdb,1d3s.pdb,A,ASN,127,C,-18.025,10.587,2.959
991,1d3s.pdb,1d3s.pdb,A,ASN,127,O,-18.115,11.401,3.882
992,1d3s.pdb,1d3s.pdb,A,ASN,127,CB,-20.003,11.497,1.74
993,1d3s.pdb,1d3s.pdb,A,ASN,127,CG,-20.539,12.078,0.452
994,1d3s.pdb,1d3s.pdb,A,ASN,127,OD1,-19.865,12.861,-0.217
995,1d3s.pdb,1d3s.pdb,A,ASN,127,ND2,-21.753,11.693,0.091
996,1d3s.pdb,1d3s.pdb,A,LYS,128,N,-17.44,9.401,3.122
997,1d3s.pdb,1d3s.pdb,A,LYS,128,CA,-16.951,8.965,4.424
998,1d3s.pdb,1d3s.pdb,A,LYS,128,C,-15.766,9.817,4.863
999,1d3s.pdb,1d3s.pdb,A,LYS,128,O,-14.882,10.143,4.063
1000,1d3s.pdb,1d3s.pdb,A,LYS,128,CB,-16.562,7.485,4.378
1001,1d3s.pdb,1d3s.pdb,A,LYS,128,CG,-16.354,6.853,5.742
1002,1d3s.pdb,1d3s.pdb,A,LYS,128,CD,-16.177,5.347,5.631
1003,1d3s.pdb,1d3s.pdb,A,LYS,128,CE,-15.968,4.709,6.994
1004,1d3s.pdb,1d3s.pdb,A,LYS,128,NZ,-15.772,3.236,6.893
1005,1d3s.pdb,1d3s.pdb,A,ASP,129,N,-15.765,10.192,6.153
1006,1d3s.pdb,1d3s.pdb,A,ASP,129,CA,-14.701,11.004,6.73
1007,1d3s.pdb,1d3s.pdb,A,ASP,129,C,-13.585,10.077,7.202
1008,1d3s.pdb,1d3s.pdb,A,ASP,129,O,-13.686,9.463,8.269
1009,1d3s.pdb,1d3s.pdb,A,ASP,129,CB,-15.252,11.842,7.883
1010,1d3s.pdb,1d3s.pdb,A,ASP,129,CG,-14.238,12.822,8.444
1011,1d3s.pdb,1d3s.pdb,A,ASP,129,OD1,-13.194,13.043,7.796
1012,1d3s.pdb,1d3s.pdb,A,ASP,129,OD2,-14.497,13.386,9.528
1013,1d3s.pdb,1d3s.pdb,A,LEU,130,N,-12.527,9.964,6.401
1014,1d3s.pdb,1d3s.pdb,A,LEU,130,CA,-11.413,9.073,6.696
1015,1d3s.pdb,1d3s.pdb,A,LEU,130,C,-10.144,9.879,6.927
1016,1d3s.pdb,1d3s.pdb,A,LEU,130,O,-9.934,10.925,6.307
1017,1d3s.pdb,1d3s.pdb,A,LEU,130,CB,-11.211,8.067,5.564
1018,1d3s.pdb,1d3s.pdb,A,LEU,130,CG,-12.387,7.105,5.389
1019,1d3s.pdb,1d3s.pdb,A,LEU,130,CD1,-12.361,6.442,4.025
1020,1d3s.pdb,1d3s.pdb,A,LEU,130,CD2,-12.382,6.058,6.495
1021,1d3s.pdb,1d3s.pdb,A,GLY,131,N,-9.299,9.377,7.814
1022,1d3s.pdb,1d3s.pdb,A,GLY,131,CA,-8.116,10.092,8.241
1023,1d3s.pdb,1d3s.pdb,A,GLY,131,C,-6.829,9.62,7.6
1024,1d3s.pdb,1d3s.pdb,A,GLY,131,O,-6.789,8.629,6.866
1025,1d3s.pdb,1d3s.pdb,A,ASP,132,N,-5.761,10.351,7.889
1026,1d3s.pdb,1d3s.pdb,A,ASP,132,CA,-4.421,10.001,7.433
1027,1d3s.pdb,1d3s.pdb,A,ASP,132,C,-3.974,8.685,8.056
1028,1d3s.pdb,1d3s.pdb,A,ASP,132,O,-4.147,8.467,9.258
1029,1d3s.pdb,1d3s.pdb,A,ASP,132,CB,-3.422,11.086,7.829
1030,1d3s.pdb,1d3s.pdb,A,ASP,132,CG,-3.819,12.463,7.341
1031,1d3s.pdb,1d3s.pdb,A,ASP,132,OD1,-3.548,12.78,6.166
1032,1d3s.pdb,1d3s.pdb,A,ASP,132,OD2,-4.4,13.231,8.143
1033,1d3s.pdb,1d3s.pdb,A,LEU,133,N,-3.367,7.819,7.248
1034,1d3s.pdb,1d3s.pdb,A,LEU,133,CA,-2.81,6.557,7.72
1035,1d3s.pdb,1d3s.pdb,A,LEU,133,C,-1.356,6.471,7.288
1036,1d3s.pdb,1d3s.pdb,A,LEU,133,O,-1.037,6.657,6.111
1037,1d3s.pdb,1d3s.pdb,A,LEU,133,CB,-3.594,5.366,7.159
1038,1d3s.pdb,1d3s.pdb,A,LEU,133,CG,-3.101,3.982,7.591
1039,1d3s.pdb,1d3s.pdb,A,LEU,133,CD1,-3.407,3.738,9.058
1040,1d3s.pdb,1d3s.pdb,A,LEU,133,CD2,-3.732,2.893,6.734
1041,1d3s.pdb,1d3s.pdb,A,TYR,134,N,-0.475,6.196,8.247
1042,1d3s.pdb,1d3s.pdb,A,TYR,134,CA,0.929,5.914,7.97
1043,1d3s.pdb,1d3s.pdb,A,TYR,134,C,1.188,4.436,8.197
1044,1d3s.pdb,1d3s.pdb,A,TYR,134,O,0.61,3.827,9.102
1045,1d3s.pdb,1d3s.pdb,A,TYR,134,CB,1.846,6.728,8.88
1046,1d3s.pdb,1d3s.pdb,A,TYR,134,CG,1.733,8.225,8.709
1047,1d3s.pdb,1d3s.pdb,A,TYR,134,CD1,2.5,8.894,7.768
1048,1d3s.pdb,1d3s.pdb,A,TYR,134,CD2,0.869,8.969,9.501
1049,1d3s.pdb,1d3s.pdb,A,TYR,134,CE1,2.411,10.269,7.616
1050,1d3s.pdb,1d3s.pdb,A,TYR,134,CE2,0.77,10.344,9.353
1051,1d3s.pdb,1d3s.pdb,A,TYR,134,CZ,1.546,10.989,8.41
1052,1d3s.pdb,1d3s.pdb,A,TYR,134,OH,1.457,12.351,8.265
1053,1d3s.pdb,1d3s.pdb,A,ALA,135,N,2.066,3.853,7.39
1054,1d3s.pdb,1d3s.pdb,A,ALA,135,CA,2.418,2.449,7.558
1055,1d3s.pdb,1d3s.pdb,A,ALA,135,C,3.914,2.26,7.38
1056,1d3s.pdb,1d3s.pdb,A,ALA,135,O,4.52,2.819,6.457
1057,1d3s.pdb,1d3s.pdb,A,ALA,135,CB,1.653,1.563,6.569
1058,1d3s.pdb,1d3s.pdb,A,VAL,136,N,4.496,1.474,8.278
1059,1d3s.pdb,1d3s.pdb,A,VAL,136,CA,5.858,0.984,8.137
1060,1d3s.pdb,1d3s.pdb,A,VAL,136,C,5.784,-0.359,7.432
1061,1d3s.pdb,1d3s.pdb,A,VAL,136,O,5.043,-1.253,7.86
1062,1d3s.pdb,1d3s.pdb,A,VAL,136,CB,6.548,0.854,9.506
1063,1d3s.pdb,1d3s.pdb,A,VAL,136,CG1,7.911,0.182,9.362
1064,1d3s.pdb,1d3s.pdb,A,VAL,136,CG2,6.69,2.225,10.153
1065,1d3s.pdb,1d3s.pdb,A,LEU,137,N,6.537,-0.495,6.343
1066,1d3s.pdb,1d3s.pdb,A,LEU,137,CA,6.548,-1.698,5.526
1067,1d3s.pdb,1d3s.pdb,A,LEU,137,C,7.889,-2.402,5.639
1068,1d3s.pdb,1d3s.pdb,A,LEU,137,O,8.921,-1.77,5.873
1069,1d3s.pdb,1d3s.pdb,A,LEU,137,CB,6.295,-1.365,4.052
1070,1d3s.pdb,1d3s.pdb,A,LEU,137,CG,5.129,-0.432,3.717
1071,1d3s.pdb,1d3s.pdb,A,LEU,137,CD1,5.049,-0.239,2.203
1072,1d3s.pdb,1d3s.pdb,A,LEU,137,CD2,3.824,-0.975,4.258
1073,1d3s.pdb,1d3s.pdb,A,ASN,138,N,7.874,-3.717,5.426
1074,1d3s.pdb,1d3s.pdb,A,ASN,138,CA,9.112,-4.479,5.325
1075,1d3s.pdb,1d3s.pdb,A,ASN,138,C,8.929,-5.607,4.323
1076,1d3s.pdb,1d3s.pdb,A,ASN,138,O,7.826,-6.128,4.144
1077,1d3s.pdb,1d3s.pdb,A,ASN,138,CB,9.539,-5.036,6.687
1078,1d3s.pdb,1d3s.pdb,A,ASN,138,CG,11.035,-5.285,6.769
1079,1d3s.pdb,1d3s.pdb,A,ASN,138,OD1,11.538,-6.286,6.246
1080,1d3s.pdb,1d3s.pdb,A,ASN,138,ND2,11.746,-4.369,7.406
1081,1d3s.pdb,1d3s.pdb,A,ARG,139,N,10.013,-5.982,3.654
1082,1d3s.pdb,1d3s.pdb,A,ARG,139,CA,9.988,-7.149,2.773
1083,1d3s.pdb,1d3s.pdb,A,ARG,139,C,9.86,-8.453,3.559
1084,1d3s.pdb,1d3s.pdb,A,ARG,139,O,9.422,-9.463,3.001
1085,1d3s.pdb,1d3s.pdb,A,ARG,139,CB,11.251,-7.188,1.915
1086,1d3s.pdb,1d3s.pdb,A,ARG,139,CG,11.417,-6.016,0.958
1087,1d3s.pdb,1d3s.pdb,A,ARG,139,CD,10.344,-5.997,-0.125
1088,1d3s.pdb,1d3s.pdb,A,ARG,139,NE,10.69,-5.08,-1.215
1089,1d3s.pdb,1d3s.pdb,A,ARG,139,CZ,9.887,-4.777,-2.227
1090,1d3s.pdb,1d3s.pdb,A,ARG,139,NH1,8.675,-5.303,-2.301
1091,1d3s.pdb,1d3s.pdb,A,ARG,139,NH2,10.302,-3.937,-3.174
1092,1d3s.pdb,1d3s.pdb,A,ASN,140,N,10.24,-8.445,4.844
1093,1d3s.pdb,1d3s.pdb,A,ASN,140,CA,10.154,-9.599,5.737
1094,1d3s.pdb,1d3s.pdb,A,ASN,140,C,9.013,-9.353,6.718
1095,1d3s.pdb,1d3s.pdb,A,ASN,140,O,9.067,-8.405,7.506
1096,1d3s.pdb,1d3s.pdb,A,ASN,140,CB,11.484,-9.785,6.472
1097,1d3s.pdb,1d3s.pdb,A,ASN,140,CG,11.51,-10.998,7.385
1098,1d3s.pdb,1d3s.pdb,A,ASN,140,OD1,10.476,-11.479,7.851
1099,1d3s.pdb,1d3s.pdb,A,ASN,140,ND2,12.712,-11.5,7.655
1100,1d3s.pdb,1d3s.pdb,A,LYS,141,N,7.978,-10.217,6.697
1101,1d3s.pdb,1d3s.pdb,A,LYS,141,CA,6.781,-9.978,7.5
1102,1d3s.pdb,1d3s.pdb,A,LYS,141,C,7.056,-9.988,8.997
1103,1d3s.pdb,1d3s.pdb,A,LYS,141,O,6.256,-9.447,9.766
1104,1d3s.pdb,1d3s.pdb,A,LYS,141,CB,5.697,-11.012,7.162
1105,1d3s.pdb,1d3s.pdb,A,LYS,141,CG,5.983,-12.418,7.67
1106,1d3s.pdb,1d3s.pdb,A,LYS,141,CD,4.832,-13.366,7.337
1107,1d3s.pdb,1d3s.pdb,A,LYS,141,CE,5.064,-14.754,7.927
1108,1d3s.pdb,1d3s.pdb,A,LYS,141,NZ,4.983,-14.758,9.411
1109,1d3s.pdb,1d3s.pdb,A,ASP,142,N,8.168,-10.579,9.422
1110,1d3s.pdb,1d3s.pdb,A,ASP,142,CA,8.496,-10.71,10.839
1111,1d3s.pdb,1d3s.pdb,A,ASP,142,C,9.527,-9.691,11.311
1112,1d3s.pdb,1d3s.pdb,A,ASP,142,O,9.935,-9.728,12.475
1113,1d3s.pdb,1d3s.pdb,A,ASP,142,CB,9.006,-12.125,11.123
1114,1d3s.pdb,1d3s.pdb,A,ASP,142,CG,7.968,-13.189,10.818
1115,1d3s.pdb,1d3s.pdb,A,ASP,142,OD1,6.8,-13.01,11.212
1116,1d3s.pdb,1d3s.pdb,A,ASP,142,OD2,8.327,-14.199,10.181
1117,1d3s.pdb,1d3s.pdb,A,ALA,143,N,9.953,-8.775,10.446
1118,1d3s.pdb,1d3s.pdb,A,ALA,143,CA,11.049,-7.872,10.778
1119,1d3s.pdb,1d3s.pdb,A,ALA,143,C,10.607,-6.772,11.738
1120,1d3s.pdb,1d3s.pdb,A,ALA,143,O,9.575,-6.123,11.536
1121,1d3s.pdb,1d3s.pdb,A,ALA,143,CB,11.621,-7.245,9.513
1122,1d3s.pdb,1d3s.pdb,A,ALA,144,N,11.401,-6.545,12.781
1123,1d3s.pdb,1d3s.pdb,A,ALA,144,CA,11.244,-5.364,13.609
1124,1d3s.pdb,1d3s.pdb,A,ALA,144,C,11.74,-4.148,12.839
1125,1d3s.pdb,1d3s.pdb,A,ALA,144,O,12.673,-4.241,12.036
1126,1d3s.pdb,1d3s.pdb,A,ALA,144,CB,12.017,-5.519,14.916
1127,1d3s.pdb,1d3s.pdb,A,ALA,145,N,11.104,-2.995,13.077
1128,1d3s.pdb,1d3s.pdb,A,ALA,145,CA,11.504,-1.772,12.391
1129,1d3s.pdb,1d3s.pdb,A,ALA,145,C,12.943,-1.422,12.749
1130,1d3s.pdb,1d3s.pdb,A,ALA,145,O,13.311,-1.373,13.923
1131,1d3s.pdb,1d3s.pdb,A,ALA,145,CB,10.569,-0.629,12.759
1132,1d3s.pdb,1d3s.pdb,A,GLY,146,N,13.755,-1.177,11.721
1133,1d3s.pdb,1d3s.pdb,A,GLY,146,CA,15.148,-0.832,11.925
1134,1d3s.pdb,1d3s.pdb,A,GLY,146,C,15.367,0.658,12.075
1135,1d3s.pdb,1d3s.pdb,A,GLY,146,O,14.44,1.468,11.975
1136,1d3s.pdb,1d3s.pdb,A,ASP,147,N,16.622,1.025,12.314
1137,1d3s.pdb,1d3s.pdb,A,ASP,147,CA,16.949,2.42,12.594
1138,1d3s.pdb,1d3s.pdb,A,ASP,147,C,16.638,3.338,11.419
1139,1d3s.pdb,1d3s.pdb,A,ASP,147,O,16.225,4.483,11.624
1140,1d3s.pdb,1d3s.pdb,A,ASP,147,CB,18.424,2.55,12.976
1141,1d3s.pdb,1d3s.pdb,A,ASP,147,CG,18.727,1.993,14.356
1142,1d3s.pdb,1d3s.pdb,A,ASP,147,OD1,17.782,1.817,15.153
1143,1d3s.pdb,1d3s.pdb,A,ASP,147,OD2,19.916,1.739,14.639
1144,1d3s.pdb,1d3s.pdb,A,LYS,148,N,16.827,2.877,10.176
1145,1d3s.pdb,1d3s.pdb,A,LYS,148,CA,16.608,3.751,9.025
1146,1d3s.pdb,1d3s.pdb,A,LYS,148,C,15.148,4.184,8.933
1147,1d3s.pdb,1d3s.pdb,A,LYS,148,O,14.842,5.382,8.816
1148,1d3s.pdb,1d3s.pdb,A,LYS,148,CB,17.056,3.058,7.734
1149,1d3s.pdb,1d3s.pdb,A,LYS,148,CG,18.569,2.928,7.587
1150,1d3s.pdb,1d3s.pdb,A,LYS,148,CD,18.936,2.2,6.297
1151,1d3s.pdb,1d3s.pdb,A,LYS,148,CE,20.441,2.004,6.159
1152,1d3s.pdb,1d3s.pdb,A,LYS,148,NZ,21.086,3.055,5.349
1153,1d3s.pdb,1d3s.pdb,A,VAL,149,N,14.206,3.232,9.0
1154,1d3s.pdb,1d3s.pdb,A,VAL,149,CA,12.801,3.598,8.862
1155,1d3s.pdb,1d3s.pdb,A,VAL,149,C,12.294,4.296,10.122
1156,1d3s.pdb,1d3s.pdb,A,VAL,149,O,11.456,5.198,10.036
1157,1d3s.pdb,1d3s.pdb,A,VAL,149,CB,11.942,2.373,8.474
1158,1d3s.pdb,1d3s.pdb,A,VAL,149,CG1,11.789,1.4,9.63
1159,1d3s.pdb,1d3s.pdb,A,VAL,149,CG2,10.587,2.822,7.945
1160,1d3s.pdb,1d3s.pdb,A,LYS,150,N,12.8,3.933,11.316
1161,1d3s.pdb,1d3s.pdb,A,LYS,150,CA,12.398,4.645,12.528
1162,1d3s.pdb,1d3s.pdb,A,LYS,150,C,12.886,6.088,12.502
1163,1d3s.pdb,1d3s.pdb,A,LYS,150,O,12.184,6.999,12.963
1164,1d3s.pdb,1d3s.pdb,A,LYS,150,CB,12.902,3.908,13.771
1165,1d3s.pdb,1d3s.pdb,A,LYS,150,CG,12.156,2.602,14.031
1166,1d3s.pdb,1d3s.pdb,A,LYS,150,CD,12.767,1.784,15.152
1167,1d3s.pdb,1d3s.pdb,A,LYS,150,CE,12.456,2.357,16.514
1168,1d3s.pdb,1d3s.pdb,A,LYS,150,NZ,12.962,1.474,17.604
1169,1d3s.pdb,1d3s.pdb,A,SER,151,N,14.073,6.327,11.951
1170,1d3s.pdb,1d3s.pdb,A,SER,151,CA,14.554,7.695,11.789
1171,1d3s.pdb,1d3s.pdb,A,SER,151,C,13.676,8.47,10.813
1172,1d3s.pdb,1d3s.pdb,A,SER,151,O,13.439,9.668,11.001
1173,1d3s.pdb,1d3s.pdb,A,SER,151,CB,16.007,7.695,11.315
1174,1d3s.pdb,1d3s.pdb,A,SER,151,OG,16.867,7.21,12.334
1175,1d3s.pdb,1d3s.pdb,A,ALA,152,N,13.182,7.802,9.763
1176,1d3s.pdb,1d3s.pdb,A,ALA,152,CA,12.27,8.452,8.83
1177,1d3s.pdb,1d3s.pdb,A,ALA,152,C,10.958,8.825,9.513
1178,1d3s.pdb,1d3s.pdb,A,ALA,152,O,10.385,9.884,9.23
1179,1d3s.pdb,1d3s.pdb,A,ALA,152,CB,12.019,7.545,7.627
1180,1d3s.pdb,1d3s.pdb,A,VAL,153,N,10.461,7.968,10.415
1181,1d3s.pdb,1d3s.pdb,A,VAL,153,CA,9.27,8.306,11.192
1182,1d3s.pdb,1d3s.pdb,A,VAL,153,C,9.509,9.58,11.997
1183,1d3s.pdb,1d3s.pdb,A,VAL,153,O,8.685,10.502,11.994
1184,1d3s.pdb,1d3s.pdb,A,VAL,153,CB,8.867,7.124,12.098
1185,1d3s.pdb,1d3s.pdb,A,VAL,153,CG1,7.796,7.542,13.1
1186,1d3s.pdb,1d3s.pdb,A,VAL,153,CG2,8.375,5.955,11.253
1187,1d3s.pdb,1d3s.pdb,A,SER,154,N,10.653,9.667,12.677
1188,1d3s.pdb,1d3s.pdb,A,SER,154,CA,10.979,10.867,13.444
1189,1d3s.pdb,1d3s.pdb,A,SER,154,C,11.12,12.088,12.544
1190,1d3s.pdb,1d3s.pdb,A,SER,154,O,10.676,13.186,12.896
1191,1d3s.pdb,1d3s.pdb,A,SER,154,CB,12.262,10.65,14.242
1192,1d3s.pdb,1d3s.pdb,A,SER,154,OG,12.085,9.645,15.223
1193,1d3s.pdb,1d3s.pdb,A,ALA,155,N,11.732,11.918,11.363
1194,1d3s.pdb,1d3s.pdb,A,ALA,155,CA,11.911,13.033,10.437
1195,1d3s.pdb,1d3s.pdb,A,ALA,155,C,10.575,13.559,9.924
1196,1d3s.pdb,1d3s.pdb,A,ALA,155,O,10.486,14.721,9.511
1197,1d3s.pdb,1d3s.pdb,A,ALA,155,CB,12.802,12.608,9.271
1198,1d3s.pdb,1d3s.pdb,A,ALA,156,N,9.533,12.719,9.944
1199,1d3s.pdb,1d3s.pdb,A,ALA,156,CA,8.184,13.127,9.574
1200,1d3s.pdb,1d3s.pdb,A,ALA,156,C,7.421,13.751,10.742
1201,1d3s.pdb,1d3s.pdb,A,ALA,156,O,6.22,14.008,10.62
1202,1d3s.pdb,1d3s.pdb,A,ALA,156,CB,7.412,11.928,9.021
1203,1d3s.pdb,1d3s.pdb,A,THR,157,N,8.096,14.003,11.864
1204,1d3s.pdb,1d3s.pdb,A,THR,157,CA,7.502,14.567,13.075
1205,1d3s.pdb,1d3s.pdb,A,THR,157,C,6.402,13.659,13.619
1206,1d3s.pdb,1d3s.pdb,A,THR,157,O,5.357,14.116,14.091
1207,1d3s.pdb,1d3s.pdb,A,THR,157,CB,6.99,15.998,12.852
1208,1d3s.pdb,1d3s.pdb,A,THR,157,OG1,7.923,16.713,12.023
1209,1d3s.pdb,1d3s.pdb,A,THR,157,CG2,6.874,16.737,14.181
1210,1d3s.pdb,1d3s.pdb,A,LEU,158,N,6.653,12.342,13.551
1211,1d3s.pdb,1d3s.pdb,A,LEU,158,CA,5.782,11.33,14.125
1212,1d3s.pdb,1d3s.pdb,A,LEU,158,C,6.542,10.575,15.208
1213,1d3s.pdb,1d3s.pdb,A,LEU,158,O,7.775,10.585,15.248
1214,1d3s.pdb,1d3s.pdb,A,LEU,158,CB,5.296,10.353,13.055
1215,1d3s.pdb,1d3s.pdb,A,LEU,158,CG,4.571,10.961,11.856
1216,1d3s.pdb,1d3s.pdb,A,LEU,158,CD1,4.382,9.912,10.766
1217,1d3s.pdb,1d3s.pdb,A,LEU,158,CD2,3.235,11.549,12.274
1218,1d3s.pdb,1d3s.pdb,A,GLU,159,N,5.791,9.915,16.095
1219,1d3s.pdb,1d3s.pdb,A,GLU,159,CA,6.372,9.135,17.182
1220,1d3s.pdb,1d3s.pdb,A,GLU,159,C,6.128,7.658,16.911
1221,1d3s.pdb,1d3s.pdb,A,GLU,159,O,4.984,7.197,16.922
1222,1d3s.pdb,1d3s.pdb,A,GLU,159,CB,5.761,9.53,18.529
1223,1d3s.pdb,1d3s.pdb,A,GLU,159,CG,5.979,10.984,18.911
1224,1d3s.pdb,1d3s.pdb,A,GLU,159,CD,5.27,11.35,20.198
1225,1d3s.pdb,1d3s.pdb,A,GLU,159,OE1,5.466,10.64,21.205
1226,1d3s.pdb,1d3s.pdb,A,GLU,159,OE2,4.512,12.339,20.197
1227,1d3s.pdb,1d3s.pdb,A,PHE,160,N,7.21,6.906,16.673
1228,1d3s.pdb,1d3s.pdb,A,PHE,160,CA,7.058,5.482,16.38
1229,1d3s.pdb,1d3s.pdb,A,PHE,160,C,6.399,4.735,17.537
1230,1d3s.pdb,1d3s.pdb,A,PHE,160,O,5.707,3.739,17.316
1231,1d3s.pdb,1d3s.pdb,A,PHE,160,CB,8.406,4.847,16.036
1232,1d3s.pdb,1d3s.pdb,A,PHE,160,CG,8.296,3.398,15.651
1233,1d3s.pdb,1d3s.pdb,A,PHE,160,CD1,7.789,3.036,14.413
1234,1d3s.pdb,1d3s.pdb,A,PHE,160,CD2,8.668,2.397,16.535
1235,1d3s.pdb,1d3s.pdb,A,PHE,160,CE1,7.661,1.703,14.062
1236,1d3s.pdb,1d3s.pdb,A,PHE,160,CE2,8.541,1.063,16.191
1237,1d3s.pdb,1d3s.pdb,A,PHE,160,CZ,8.038,0.717,14.953
1238,1d3s.pdb,1d3s.pdb,A,SER,161,N,6.571,5.221,18.773
1239,1d3s.pdb,1d3s.pdb,A,SER,161,CA,5.967,4.57,19.934
1240,1d3s.pdb,1d3s.pdb,A,SER,161,C,4.443,4.55,19.861
1241,1d3s.pdb,1d3s.pdb,A,SER,161,O,3.813,3.749,20.555
1242,1d3s.pdb,1d3s.pdb,A,SER,161,CB,6.412,5.266,21.221
1243,1d3s.pdb,1d3s.pdb,A,SER,161,OG,5.969,6.607,21.253
1244,1d3s.pdb,1d3s.pdb,A,LYS,162,N,3.841,5.412,19.033
1245,1d3s.pdb,1d3s.pdb,A,LYS,162,CA,2.389,5.456,18.891
1246,1d3s.pdb,1d3s.pdb,A,LYS,162,C,1.871,4.57,17.764
1247,1d3s.pdb,1d3s.pdb,A,LYS,162,O,0.656,4.4,17.627
1248,1d3s.pdb,1d3s.pdb,A,LYS,162,CB,1.927,6.901,18.689
1249,1d3s.pdb,1d3s.pdb,A,LYS,162,CG,2.188,7.78,19.904
1250,1d3s.pdb,1d3s.pdb,A,LYS,162,CD,1.63,9.181,19.736
1251,1d3s.pdb,1d3s.pdb,A,LYS,162,CE,1.787,9.976,21.021
1252,1d3s.pdb,1d3s.pdb,A,LYS,162,NZ,1.304,11.372,20.894
1253,1d3s.pdb,1d3s.pdb,A,PHE,163,N,2.768,4.01,16.943
1254,1d3s.pdb,1d3s.pdb,A,PHE,163,CA,2.352,3.082,15.895
1255,1d3s.pdb,1d3s.pdb,A,PHE,163,C,1.885,1.769,16.52
1256,1d3s.pdb,1d3s.pdb,A,PHE,163,O,2.415,1.323,17.542
1257,1d3s.pdb,1d3s.pdb,A,PHE,163,CB,3.497,2.803,14.916
1258,1d3s.pdb,1d3s.pdb,A,PHE,163,CG,3.708,3.87,13.87
1259,1d3s.pdb,1d3s.pdb,A,PHE,163,CD1,3.994,5.183,14.219
1260,1d3s.pdb,1d3s.pdb,A,PHE,163,CD2,3.651,3.546,12.523
1261,1d3s.pdb,1d3s.pdb,A,PHE,163,CE1,4.197,6.15,13.248
1262,1d3s.pdb,1d3s.pdb,A,PHE,163,CE2,3.86,4.506,11.546
1263,1d3s.pdb,1d3s.pdb,A,PHE,163,CZ,4.133,5.81,11.909
1264,1d3s.pdb,1d3s.pdb,A,ILE,164,N,0.888,1.133,15.897
1265,1d3s.pdb,1d3s.pdb,A,ILE,164,CA,0.352,-0.148,16.337
1266,1d3s.pdb,1d3s.pdb,A,ILE,164,C,1.019,-1.25,15.526
1267,1d3s.pdb,1d3s.pdb,A,ILE,164,O,1.009,-1.211,14.294
1268,1d3s.pdb,1d3s.pdb,A,ILE,164,CB,-1.177,-0.195,16.168
1269,1d3s.pdb,1d3s.pdb,A,ILE,164,CG1,-1.835,0.893,17.019
1270,1d3s.pdb,1d3s.pdb,A,ILE,164,CG2,-1.72,-1.573,16.529
1271,1d3s.pdb,1d3s.pdb,A,ILE,164,CD1,-3.325,1.044,16.78
1272,1d3s.pdb,1d3s.pdb,A,SER,165,N,1.59,-2.24,16.208
1273,1d3s.pdb,1d3s.pdb,A,SER,165,CA,2.248,-3.356,15.54
1274,1d3s.pdb,1d3s.pdb,A,SER,165,C,1.233,-4.395,15.083
1275,1d3s.pdb,1d3s.pdb,A,SER,165,O,0.229,-4.642,15.759
1276,1d3s.pdb,1d3s.pdb,A,SER,165,CB,3.263,-4.008,16.476
1277,1d3s.pdb,1d3s.pdb,A,SER,165,OG,3.829,-5.171,15.901
1278,1d3s.pdb,1d3s.pdb,A,THR,166,N,1.5,-5.019,13.928
1279,1d3s.pdb,1d3s.pdb,A,THR,166,CA,0.706,-6.146,13.451
1280,1d3s.pdb,1d3s.pdb,A,THR,166,C,1.297,-7.486,13.873
1281,1d3s.pdb,1d3s.pdb,A,THR,166,O,0.712,-8.531,13.576
1282,1d3s.pdb,1d3s.pdb,A,THR,166,CB,0.591,-6.118,11.922
1283,1d3s.pdb,1d3s.pdb,A,THR,166,OG1,1.89,-6.274,11.346
1284,1d3s.pdb,1d3s.pdb,A,THR,166,CG2,-0.021,-4.806,11.448
1285,1d3s.pdb,1d3s.pdb,A,LYS,167,N,2.431,-7.478,14.566
1286,1d3s.pdb,1d3s.pdb,A,LYS,167,CA,3.245,-8.669,14.799
1287,1d3s.pdb,1d3s.pdb,A,LYS,167,C,2.52,-9.742,15.61
1288,1d3s.pdb,1d3s.pdb,A,LYS,167,O,2.753,-10.937,15.402
1289,1d3s.pdb,1d3s.pdb,A,LYS,167,CB,4.542,-8.262,15.509
1290,1d3s.pdb,1d3s.pdb,A,LYS,167,CG,5.48,-9.399,15.883
1291,1d3s.pdb,1d3s.pdb,A,LYS,167,CD,6.768,-8.847,16.482
1292,1d3s.pdb,1d3s.pdb,A,LYS,167,CE,7.648,-9.939,17.054
1293,1d3s.pdb,1d3s.pdb,A,LYS,167,NZ,7.063,-10.539,18.293
1294,1d3s.pdb,1d3s.pdb,A,GLU,168,N,1.636,-9.342,16.531
1295,1d3s.pdb,1d3s.pdb,A,GLU,168,CA,1.024,-10.293,17.456
1296,1d3s.pdb,1d3s.pdb,A,GLU,168,C,-0.311,-10.84,16.963
1297,1d3s.pdb,1d3s.pdb,A,GLU,168,O,-1.052,-11.448,17.743
1298,1d3s.pdb,1d3s.pdb,A,GLU,168,CB,0.854,-9.651,18.839
1299,1d3s.pdb,1d3s.pdb,A,GLU,168,CG,2.149,-9.116,19.432
1300,1d3s.pdb,1d3s.pdb,A,GLU,168,CD,3.213,-10.188,19.592
1301,1d3s.pdb,1d3s.pdb,A,GLU,168,OE1,2.859,-11.353,19.869
1302,1d3s.pdb,1d3s.pdb,A,GLU,168,OE2,4.409,-9.858,19.441
1303,1d3s.pdb,1d3s.pdb,A,ASN,169,N,-0.626,-10.651,15.678
1304,1d3s.pdb,1d3s.pdb,A,ASN,169,CA,-1.925,-11.034,15.136
1305,1d3s.pdb,1d3s.pdb,A,ASN,169,C,-1.898,-12.345,14.359
1306,1d3s.pdb,1d3s.pdb,A,ASN,169,O,-2.913,-12.715,13.76
1307,1d3s.pdb,1d3s.pdb,A,ASN,169,CB,-2.471,-9.915,14.243
1308,1d3s.pdb,1d3s.pdb,A,ASN,169,CG,-2.662,-8.615,14.992
1309,1d3s.pdb,1d3s.pdb,A,ASN,169,OD1,-2.943,-8.616,16.191
1310,1d3s.pdb,1d3s.pdb,A,ASN,169,ND2,-2.509,-7.499,14.29
1311,1d3s.pdb,1d3s.pdb,A,ASN,170,N,-0.761,-13.048,14.366
1312,1d3s.pdb,1d3s.pdb,A,ASN,170,CA,-0.617,-14.314,13.644
1313,1d3s.pdb,1d3s.pdb,A,ASN,170,C,-0.992,-14.168,12.174
1314,1d3s.pdb,1d3s.pdb,A,ASN,170,O,-1.65,-15.036,11.589
1315,1d3s.pdb,1d3s.pdb,A,ASN,170,CB,-1.439,-15.418,14.313
1316,1d3s.pdb,1d3s.pdb,A,ASN,170,CG,-0.975,-15.718,15.723
1317,1d3s.pdb,1d3s.pdb,A,ASN,170,OD1,0.224,-15.829,15.981
1318,1d3s.pdb,1d3s.pdb,A,ASN,170,ND2,-1.918,-15.845,16.648
1319,1d3s.pdb,1d3s.pdb,A,CYS,171,N,-0.567,-13.056,11.556
1320,1d3s.pdb,1d3s.pdb,A,CYS,171,CA,-0.876,-12.794,10.158
1321,1d3s.pdb,1d3s.pdb,A,CYS,171,C,-0.212,-13.819,9.249
1322,1d3s.pdb,1d3s.pdb,A,CYS,171,O,0.971,-14.135,9.405
1323,1d3s.pdb,1d3s.pdb,A,CYS,171,CB,-0.411,-11.397,9.761
1324,1d3s.pdb,1d3s.pdb,A,CYS,171,SG,-1.083,-10.043,10.76
1325,1d3s.pdb,1d3s.pdb,A,ALA,172,N,-0.988,-14.327,8.284
1326,1d3s.pdb,1d3s.pdb,A,ALA,172,CA,-0.476,-15.205,7.244
1327,1d3s.pdb,1d3s.pdb,A,ALA,172,C,-0.967,-14.67,5.909
1328,1d3s.pdb,1d3s.pdb,A,ALA,172,O,-2.13,-14.277,5.781
1329,1d3s.pdb,1d3s.pdb,A,ALA,172,CB,-0.937,-16.643,7.456
1330,1d3s.pdb,1d3s.pdb,A,TYR,173,N,-0.089,-14.656,4.911
1331,1d3s.pdb,1d3s.pdb,A,TYR,173,CA,-0.353,-13.972,3.652
1332,1d3s.pdb,1d3s.pdb,A,TYR,173,C,-0.23,-14.915,2.47
1333,1d3s.pdb,1d3s.pdb,A,TYR,173,O,0.557,-15.863,2.488
1334,1d3s.pdb,1d3s.pdb,A,TYR,173,CB,0.614,-12.799,3.474
1335,1d3s.pdb,1d3s.pdb,A,TYR,173,CG,0.536,-11.782,4.589
1336,1d3s.pdb,1d3s.pdb,A,TYR,173,CD1,-0.428,-10.784,4.572
1337,1d3s.pdb,1d3s.pdb,A,TYR,173,CD2,1.422,-11.822,5.659
1338,1d3s.pdb,1d3s.pdb,A,TYR,173,CE1,-0.507,-9.846,5.591
1339,1d3s.pdb,1d3s.pdb,A,TYR,173,CE2,1.349,-10.889,6.683
1340,1d3s.pdb,1d3s.pdb,A,TYR,173,CZ,0.384,-9.903,6.641
1341,1d3s.pdb,1d3s.pdb,A,TYR,173,OH,0.312,-8.97,7.646
1342,1d3s.pdb,1d3s.pdb,A,ASP,174,N,-1.008,-14.622,1.43
1343,1d3s.pdb,1d3s.pdb,A,ASP,174,CA,-0.961,-15.348,0.164
1344,1d3s.pdb,1d3s.pdb,A,ASP,174,C,-0.165,-14.499,-0.821
1345,1d3s.pdb,1d3s.pdb,A,ASP,174,O,-0.717,-13.677,-1.559
1346,1d3s.pdb,1d3s.pdb,A,ASP,174,CB,-2.375,-15.63,-0.337
1347,1d3s.pdb,1d3s.pdb,A,ASP,174,CG,-2.405,-16.486,-1.591
1348,1d3s.pdb,1d3s.pdb,A,ASP,174,OD1,-1.351,-16.677,-2.229
1349,1d3s.pdb,1d3s.pdb,A,ASP,174,OD2,-3.507,-16.965,-1.937
1350,1d3s.pdb,1d3s.pdb,A,ASN,175,N,1.152,-14.682,-0.812
1351,1d3s.pdb,1d3s.pdb,A,ASN,175,CA,2.029,-13.884,-1.661
1352,1d3s.pdb,1d3s.pdb,A,ASN,175,C,1.767,-14.137,-3.135
1353,1d3s.pdb,1d3s.pdb,A,ASN,175,O,1.865,-13.215,-3.953
1354,1d3s.pdb,1d3s.pdb,A,ASN,175,CB,3.493,-14.176,-1.338
1355,1d3s.pdb,1d3s.pdb,A,ASN,175,CG,3.906,-13.691,0.036
1356,1d3s.pdb,1d3s.pdb,A,ASN,175,OD1,3.128,-13.057,0.745
1357,1d3s.pdb,1d3s.pdb,A,ASN,175,ND2,5.145,-13.99,0.415
1358,1d3s.pdb,1d3s.pdb,A,ASP,176,N,1.441,-15.379,-3.497
1359,1d3s.pdb,1d3s.pdb,A,ASP,176,CA,1.188,-15.692,-4.897
1360,1d3s.pdb,1d3s.pdb,A,ASP,176,C,0.0,-14.895,-5.425
1361,1d3s.pdb,1d3s.pdb,A,ASP,176,O,0.043,-14.371,-6.545
1362,1d3s.pdb,1d3s.pdb,A,ASP,176,CB,0.944,-17.191,-5.074
1363,1d3s.pdb,1d3s.pdb,A,ASP,176,CG,2.205,-18.022,-4.894
1364,1d3s.pdb,1d3s.pdb,A,ASP,176,OD1,3.315,-17.459,-4.97
1365,1d3s.pdb,1d3s.pdb,A,ASP,176,OD2,2.076,-19.244,-4.684
1366,1d3s.pdb,1d3s.pdb,A,SER,177,N,-1.073,-14.782,-4.63
1367,1d3s.pdb,1d3s.pdb,A,SER,177,CA,-2.23,-13.998,-5.054
1368,1d3s.pdb,1d3s.pdb,A,SER,177,C,-1.875,-12.525,-5.2
1369,1d3s.pdb,1d3s.pdb,A,SER,177,O,-2.248,-11.884,-6.186
1370,1d3s.pdb,1d3s.pdb,A,SER,177,CB,-3.381,-14.171,-4.068
1371,1d3s.pdb,1d3s.pdb,A,SER,177,OG,-3.933,-15.477,-4.163
1372,1d3s.pdb,1d3s.pdb,A,LEU,178,N,-1.157,-11.956,-4.229
1373,1d3s.pdb,1d3s.pdb,A,LEU,178,CA,-0.795,-10.543,-4.315
1374,1d3s.pdb,1d3s.pdb,A,LEU,178,C,0.006,-10.251,-5.576
1375,1d3s.pdb,1d3s.pdb,A,LEU,178,O,-0.24,-9.252,-6.261
1376,1d3s.pdb,1d3s.pdb,A,LEU,178,CB,-0.012,-10.119,-3.071
1377,1d3s.pdb,1d3s.pdb,A,LEU,178,CG,-0.852,-9.838,-1.826
1378,1d3s.pdb,1d3s.pdb,A,LEU,178,CD1,0.038,-9.724,-0.598
1379,1d3s.pdb,1d3s.pdb,A,LEU,178,CD2,-1.673,-8.571,-2.013
1380,1d3s.pdb,1d3s.pdb,A,LYS,179,N,0.966,-11.111,-5.905
1381,1d3s.pdb,1d3s.pdb,A,LYS,179,CA,1.781,-10.884,-7.094
1382,1d3s.pdb,1d3s.pdb,A,LYS,179,C,0.96,-11.044,-8.366
1383,1d3s.pdb,1d3s.pdb,A,LYS,179,O,1.073,-10.231,-9.293
1384,1d3s.pdb,1d3s.pdb,A,LYS,179,CB,2.982,-11.829,-7.097
1385,1d3s.pdb,1d3s.pdb,A,LYS,179,CG,3.991,-11.537,-5.996
1386,1d3s.pdb,1d3s.pdb,A,LYS,179,CD,5.155,-12.511,-6.035
1387,1d3s.pdb,1d3s.pdb,A,LYS,179,CE,6.169,-12.206,-4.951
1388,1d3s.pdb,1d3s.pdb,A,LYS,179,NZ,7.329,-13.141,-4.988
1389,1d3s.pdb,1d3s.pdb,A,SER,180,N,0.111,-12.077,-8.431
1390,1d3s.pdb,1d3s.pdb,A,SER,180,CA,-0.677,-12.301,-9.639
1391,1d3s.pdb,1d3s.pdb,A,SER,180,C,-1.718,-11.205,-9.846
1392,1d3s.pdb,1d3s.pdb,A,SER,180,O,-2.058,-10.884,-10.99
1393,1d3s.pdb,1d3s.pdb,A,SER,180,CB,-1.345,-13.676,-9.589
1394,1d3s.pdb,1d3s.pdb,A,SER,180,OG,-2.343,-13.733,-8.596
1395,1d3s.pdb,1d3s.pdb,A,LEU,181,N,-2.221,-10.603,-8.756
1396,1d3s.pdb,1d3s.pdb,A,LEU,181,CA,-3.223,-9.549,-8.874
1397,1d3s.pdb,1d3s.pdb,A,LEU,181,C,-2.683,-8.299,-9.552
1398,1d3s.pdb,1d3s.pdb,A,LEU,181,O,-3.471,-7.494,-10.06
1399,1d3s.pdb,1d3s.pdb,A,LEU,181,CB,-3.784,-9.195,-7.496
1400,1d3s.pdb,1d3s.pdb,A,LEU,181,CG,-4.798,-10.184,-6.92
1401,1d3s.pdb,1d3s.pdb,A,LEU,181,CD1,-5.115,-9.845,-5.471
1402,1d3s.pdb,1d3s.pdb,A,LEU,181,CD2,-6.07,-10.199,-7.755
1403,1d3s.pdb,1d3s.pdb,A,LEU,182,N,-1.367,-8.116,-9.593
1404,1d3s.pdb,1d3s.pdb,A,LEU,182,CA,-0.805,-6.959,-10.286
1405,1d3s.pdb,1d3s.pdb,A,LEU,182,C,-1.181,-6.942,-11.762
1406,1d3s.pdb,1d3s.pdb,A,LEU,182,O,-1.217,-5.874,-12.378
1407,1d3s.pdb,1d3s.pdb,A,LEU,182,CB,0.718,-6.935,-10.144
1408,1d3s.pdb,1d3s.pdb,A,LEU,182,CG,1.262,-6.686,-8.734
1409,1d3s.pdb,1d3s.pdb,A,LEU,182,CD1,2.772,-6.847,-8.719
1410,1d3s.pdb,1d3s.pdb,A,LEU,182,CD2,0.857,-5.301,-8.244
1411,1d3s.pdb,1d3s.pdb,A,THR,183,N,-1.476,-8.107,-12.347
1412,1d3s.pdb,1d3s.pdb,A,THR,183,CA,-1.825,-8.193,-13.762
1413,1d3s.pdb,1d3s.pdb,A,THR,183,C,-3.32,-8.034,-14.015
1414,1d3s.pdb,1d3s.pdb,A,THR,183,O,-3.74,-8.041,-15.181
1415,1d3s.pdb,1d3s.pdb,A,THR,183,CB,-1.37,-9.529,-14.36
1416,1d3s.pdb,1d3s.pdb,A,THR,183,OG1,-2.157,-10.599,-13.822
1417,1d3s.pdb,1d3s.pdb,A,THR,183,CG2,0.1,-9.779,-14.064
1418,1d3s.pdb,1d3s.pdb,A,LYS,184,N,-4.128,-7.859,-12.959
1419,1d3s.pdb,1d3s.pdb,A,LYS,184,CA,-5.585,-7.851,-13.096
1420,1d3s.pdb,1d3s.pdb,A,LYS,184,C,-6.16,-6.438,-13.07
1421,1d3s.pdb,1d3s.pdb,A,LYS,184,O,-7.378,-6.278,-13.218
1422,1d3s.pdb,1d3s.pdb,A,LYS,184,CB,-6.226,-8.683,-11.988
1423,1d3s.pdb,1d3s.pdb,A,LYS,184,CG,-5.698,-10.105,-11.887
1424,1d3s.pdb,1d3s.pdb,A,LYS,184,CD,-6.01,-10.921,-13.122
1425,1d3s.pdb,1d3s.pdb,A,LYS,184,CE,-5.608,-12.363,-12.922
1426,1d3s.pdb,1d3s.pdb,A,LYS,184,NZ,-5.904,-13.202,-14.12
1427,1d3s.pdb,1d3s.pdb,A,LYS,184,OXT,-5.449,-5.46,-12.909
